accession,name_TGRC,packet_name_1,species,burst_2h_26C_unadjusted_mean,burst_2h_26C_unadjusted_se,burst_2h_26C_mean_day,burst_2h_26C_adjusted_mean,burst_2h_26C_adjusted_se,burst_2h_34C_unadjusted_mean,burst_2h_34C_unadjusted_se,burst_2h_34C_mean_day,burst_2h_34C_adjusted_mean,burst_2h_34C_adjusted_se,unadjusted_bursting_increase,unadjusted_bursting_increase_se,adjusted_bursting_increase,adjusted_bursting_increase_se,burst_integral_26C_unadjusted_mean,burst_integral_26C_unadjusted_se,burst_integral_26C_mean_day,burst_integral_26C_adjusted_mean,burst_integral_26C_adjusted_se,burst_integral_34C_unadjusted_mean,burst_integral_34C_unadjusted_se,burst_integral_34C_mean_day,burst_integral_34C_adjusted_mean,burst_integral_34C_adjusted_se,unadjusted_integral_increase,unadjusted_integral_increase_se,adjusted_integral_increase,adjusted_integral_increase_se,tube_length_26C_adjusted_mean,tube_length_34C_adjusted_mean,tube_length_26C_adjusted_se,tube_length_34C_adjusted_se,unadjusted_tube_length_ratio,unadjusted_tube_length_ratio_se
CW0000,LA4345,LA4345,lycopersicum,0.1286393669,0.07381514345,162,0.150203447,0.04848284862,0.7383821685,0.07778772812,118.125,0.7315003114,0.05191091417,0.6097428016,0.1072362161,0.5812968644,0.07103048374,6.663829784,4.194499899,162,7.668894428,1.831094082,29.04012469,5.060082173,118.125,28.89369287,3.300139529,22.37629491,6.572538398,21.22479845,3.774099423,797.5726136,721.3890654,23.13935178,16.70090177,0.8999888468,0.08442764243
CW0001,LA0490,LA0490,lycopersicum,0.02246632006,0.008230786032,206.6666667,0.07117988774,0.05338330378,0.2968629918,0.05646909875,210.7777778,0.3746423271,0.05779554818,0.2743966718,0.05706579494,0.3034624394,0.07867720453,0.6599018123,0.2210078161,206.6666667,2.911854613,2.018136105,13.40903699,3.116620704,210.7777778,15.34556194,3.686768216,12.74913518,3.124447002,12.43370733,4.202990984,731.8648801,741.9385318,21.23150017,32.50869573,1.01376436,0.05327252214
CW0002,LA1994,LA1994,lycopersicum,0.08572136811,0.03050566365,205.25,0.1335738513,0.0553049954,0.4532820734,0.07239519637,206,0.5266957289,0.05945657649,0.3675607053,0.07855991327,0.3931218776,0.08120176725,3.61210098,1.46140013,205.25,5.824506955,2.090411043,18.64370906,3.468393413,206,20.47282326,3.791548627,15.03160808,3.763700733,14.6483163,4.329625772,714.5084766,757.3230537,20.91473457,34.6851059,1.05992172,0.05761165112
CW0003,LA2661,LA2661,lycopersicum,0.007092446853,0.00361506649,205.25,0.05494493004,0.0553049954,0.3742702162,0.05476398158,204.75,0.446541688,0.05923604902,0.3671777694,0.05488317032,0.391596758,0.08104043448,0.2309970408,0.1140013595,205.25,2.443403016,2.090411043,14.11845807,2.813283506,204.75,15.91947062,3.777419333,13.88746103,2.815592371,13.4760676,4.317257827,773.3727512,746.6816844,18.46084305,36.71725189,0.9654874487,0.05277496415
CW0004,LA3120,LA3120,lycopersicum,0.03670444649,0.01424938467,205.25,0.08455692967,0.0553049954,0.5915179932,0.06392907908,204.75,0.663789465,0.05923604902,0.5548135467,0.06549787871,0.5792325353,0.08104043448,2.275680193,1.059772162,205.25,4.488086168,2.090411043,14.62933338,3.225205735,204.75,16.43034593,3.777419333,12.35365319,3.394859212,11.94225976,4.317257827,773.41239,701.4914101,36.19001297,28.67766162,0.9070082393,0.05635731266
CW0005,LA4355,LA4355,lycopersicum,0.03910551789,0.0113328628,205.5,0.08710995716,0.05535606789,0.8201691236,0.03437634653,204.75,0.8924405954,0.05923604902,0.7810636057,0.03619622881,0.8053306382,0.08107529683,2.170567676,0.8817206256,205.5,4.389952503,2.09234675,25.90073671,1.755499264,204.75,27.70174926,3.777419333,23.73016904,1.964486938,23.31179676,4.318195426,764.6295432,661.9485863,29.82703434,32.29283214,0.8657114968,0.05407467794
CW0006,LA2375,LA2375,lycopersicum,0.02668840769,0.01473635792,205.75,0.07484480304,0.05540725499,0.4174024243,0.05466943088,205.5,0.4903592063,0.05936804901,0.3907140166,0.05662072869,0.4155144032,0.08120670631,1.449178246,0.9403579636,205.75,3.675541924,2.094286756,13.61233424,2.001860671,205.5,15.43020778,3.785876996,12.163156,2.21172314,11.75466585,4.3265346,673.7650768,695.211377,20.50020331,18.48674886,1.031830531,0.04169505218
CW0007,LA3320,LA3320,lycopersicum,0.02771325586,0.007021757375,205.25,0.07556573904,0.0553049954,0.4235575876,0.0583931047,206.25,0.4971996798,0.05950099778,0.3958443318,0.0588137718,0.4216339408,0.0812342985,1.430596376,0.4492925024,205.25,3.643002351,2.090411043,14.21790692,3.059047166,206.25,16.05264144,3.794394355,12.78731054,3.091865669,12.40963909,4.332118056,770.9502108,697.8481029,17.41825314,19.90936127,0.9051792102,0.03294149451
CW0008,LA4792,LA4792,lycopersicum,0.03300599652,0.01365921541,207.25,0.0820741284,0.05571676698,0.8370846685,0.04835226631,205.75,0.9102698872,0.05941226016,0.804078672,0.05024456013,0.8281957588,0.08145044371,1.242424457,0.5844917383,207.25,3.510661245,2.106016397,29.00143806,2.123831252,205.75,30.82493193,3.788709503,27.7590136,2.202791361,27.31427068,4.334700077,732.5630982,756.0169601,21.75674833,18.09321305,1.032016166,0.03936318252
CW0010,,BGV008224,lycopersicum,0.06570699727,0.01711966113,215.6666667,0.1198909841,0.05539118874,0.7719635517,0.03766083576,216,0.8545146766,0.05676091209,0.7062565545,0.04136932858,0.7346236925,0.07930942524,3.153663517,0.9891797225,215.6666667,5.656854977,2.094186597,26.2719371,2.195822154,216,28.3258645,3.621783169,23.11827359,2.408342055,22.66900953,4.183650419,780.5011235,672.7272571,18.14736577,26.70063634,0.86191709,0.03964736146
CW0011,,BGV008070,lycopersicum,0.0465851304,0.01890860663,216.2857143,0.1011453894,0.0489399692,0.6400758573,0.06360631873,216,0.7226269822,0.05501237713,0.5934907269,0.06635735971,0.6214815928,0.07363071521,2.650276349,1.416719148,216.2857143,5.170748774,1.851453071,15.88149022,2.83524796,216,17.93541761,3.510965846,13.23121387,3.169499036,12.76466884,3.969226581,763.5729829,739.2183199,15.02770996,26.16954126,0.9681043417,0.0392125182
CW0012,LA4743,LA4743,lycopersicum,0.02518253736,0.008333628352,216.5,0.07987304447,0.05106195905,0.6206231684,0.05349039368,215.4,0.7026260451,0.05663576506,0.5954406311,0.05413567749,0.6227530007,0.07625571156,1.185331127,0.4451823954,216.5,3.711785425,1.931300407,14.02815039,1.444630689,215.4,16.068589,3.613781311,12.84281927,1.51166967,12.35680357,4.097479301,764.9235818,786.9529123,15.24602365,19.89774224,1.028799387,0.03312302674
CW0013,,EA00157,lycopersicum,0.04400903897,0.01011942622,216.25,0.09854759,0.05765648238,0.5025079893,0.05903367196,215.5555556,0.5846530044,0.05873798195,0.4584989503,0.05989471773,0.4861054144,0.08230686778,2.758075177,0.8866555956,216.25,5.277550623,2.179493338,15.41473475,2.504479162,215.5555556,17.45867045,3.747061923,12.65665958,2.6567977,12.18111983,4.334819981,736.4309138,724.4153973,23.43721397,31.52215763,0.9836841226,0.05303068639
CW0014,LA4752,BGV007931,lycopersicum,0.1023628208,0.02815272714,215.75,0.1565974597,0.05754514229,0.692928223,0.05629725557,214.25,0.7738802907,0.06097649484,0.5905654021,0.0629440786,0.617282831,0.08384256869,4.192745309,1.384278408,215.75,6.698263052,2.175277119,26.31819711,2.846755124,214.25,28.3327822,3.888855744,22.1254518,3.165476496,21.63451914,4.455898286,708.2122778,712.6013783,29.57713873,30.3475669,1.006197436,0.06001704432
CW0015,LA2662,LA2662,lycopersicum,0.02318668985,0.0199276326,215.8888889,0.07750574875,0.05544249567,0.4542436158,0.09938806698,215.3333333,0.5361855761,0.05869335072,0.431056926,0.10136616,0.4586798274,0.08073896051,1.444560702,1.213953729,215.8888889,3.953955585,2.096129207,12.73204196,4.134209517,215.3333333,14.77098181,3.744207465,11.28748125,4.308755271,10.81702622,4.291019366,724.4067029,708.0450228,13.79083259,33.34888745,0.977413682,0.04965443174
CW0016,LA1712,LA1712,lycopersicum,0.03278833559,0.01491653591,214.5,0.086263194,0.05726858282,0.8744295027,0.03148600115,214.5,0.9556100072,0.06102424876,0.8416411671,0.03484065602,0.8693468132,0.08368780983,2.710494379,1.275995712,214.5,5.181117864,2.164803714,19.65044482,1.614945295,214.5,21.67065024,3.891911115,16.93995044,2.058206346,16.48953237,4.453464633,824.6331461,795.068064,33.88782905,39.40881058,0.9641475944,0.0620779196
CW0017,,TR00023,lycopersicum,0.05326997264,0.02011399709,215.7777778,0.1075214955,0.05541683217,0.1671783545,0.01678554342,215.25,0.2490441692,0.06116809201,0.1139083819,0.02619785004,0.1415226737,0.08253823822,2.473209936,0.86465467,215.7777778,4.979503107,2.095157526,6.181332105,1.688352469,215.25,8.218398513,3.901113801,3.708122169,1.896882115,3.238895406,4.428134365,724.6942026,719.5182052,33.04408855,27.60854052,0.9928576807,0.05916828893
CW0018,LA4783,LA4783,lycopersicum,0.03026678167,0.008243543772,214.25,0.08358968399,0.05721358029,0.8921721812,0.05779958095,213.2222222,0.9721851202,0.0582732004,0.8619053996,0.05838448058,0.8885954362,0.08166492304,1.064159355,0.4611637723,214.25,3.527803989,2.162720632,24.98454928,3.431595524,213.2222222,26.97602857,3.717331863,23.92038993,3.462444204,23.44822458,4.300687935,755.0455008,775.1798331,26.90304807,17.11742962,1.026666383,0.04303654858
CW0019,LA4668,LA4668,lycopersicum,0.1524005219,0.06810689164,114.3333333,0.1449916414,0.04416252795,0.9480624159,0.02643882447,101.4,0.9258981411,0.04719226768,0.795661894,0.07305860749,0.7809064998,0.06463311074,2.795243794,1.181068286,114.3333333,2.469674063,1.665247869,40.41232456,2.092789107,101.4,39.88989266,2.996812191,37.61708077,2.403058164,37.4202186,3.428401052,809.2576306,814.6994951,13.48141209,36.20378356,1.006724514,0.04777728238
CW0020,LA4701,BGV006906,lycopersicum,0.04317074865,0.01331884707,214,0.09634169489,0.05715868158,0.9640518282,0.01062433704,213.2222222,1.044064767,0.0582732004,0.9208810796,0.0170372599,0.9477230723,0.08162647098,1.021000013,0.422835449,214,3.477665795,2.160641443,39.41273637,1.457197944,213.2222222,41.40421565,3.717331863,38.39173635,1.517305396,37.92654986,4.299642732,787.0930124,762.3294783,16.02039269,18.2207973,0.9685379825,0.03040593264
CW0021,LA4754,LA4754,lycopersicum,0.1414681003,0.03071215214,213.5,0.1943351343,0.05704919681,0.8715588438,0.04513045941,211.375,0.949883889,0.06043437556,0.7300907435,0.05458932731,0.7555487547,0.08310790941,6.895573188,1.450382084,213.5,9.338281266,2.156494789,43.87547425,1.701434617,211.375,45.82542554,3.854162467,36.97990106,2.235729846,36.48714428,4.416450849,684.911024,678.2120188,19.51698325,36.49381538,0.9902191599,0.06029284458
CW0022,LA4770,LA4770,lycopersicum,0.0709624579,0.01806830466,212.625,0.1232976457,0.05685860781,0.6037942853,0.096433815,212.125,0.6828046408,0.06057453797,0.5328318274,0.09811189688,0.5595069951,0.08307933517,3.20114235,0.7338472883,212.625,5.619424448,2.149275991,19.36851644,2.634715782,212.125,21.33532872,3.863133631,16.16737409,2.735006233,15.71590427,4.42076789,804.5783244,726.7070468,27.00593917,18.59175515,0.9032147956,0.0381189842
CW0023,LA4671,LA4671,lycopersicum,0.2567772311,0.05864169452,6.833333333,0.1840272329,0.05916356391,0.8077734239,0.05115218771,3.875,0.6964959786,0.06808168973,0.5509961929,0.07781641628,0.5124687456,0.09019669491,13.93286539,3.586200799,6.923076923,10.60889469,2.189283308,34.82591352,3.239063338,4.083333333,32.11567448,3.866021779,20.89304814,4.832428735,21.5067798,4.442869096,845.9503567,813.5170585,28.80239596,43.24582185,0.9616605183,0.06070746266
CW0024,LA4738,LA4738,lycopersicum,0.1280090404,0.02227551726,7,0.05536034637,0.06306242767,0.9429706732,0.03237349744,5,0.8327211931,0.07412866962,0.8149616328,0.03929684473,0.7773608468,0.097323838,6.090847399,1.336332543,7.25,2.776002891,2.221594849,43.23991117,2.495107492,4.8,40.54578374,4.037817176,37.14906377,2.830432133,37.76978085,4.60862791,803.8232916,737.8164887,13.67278067,19.36191426,0.9178839385,0.02870470462
CW0027,LA4756,LA4756,lycopersicum,0.06902884798,0.0406079766,212.625,0.1213640357,0.05685860781,0.5224800247,0.06248332809,212.375,0.6017188169,0.06062145757,0.4534511767,0.07451962194,0.4803547812,0.08311355125,2.148845577,1.112282853,212.625,4.567127675,2.149275991,20.47813254,2.487790462,212.375,22.45056515,3.866136524,18.32928696,2.725119177,17.88343747,4.42339224,691.4356165,694.3015124,22.49573926,24.05545548,1.004144849,0.04772518646
CW0028,,BGV008065,lycopersicum,0.02472904055,0.01236454647,7.285714286,-0.0477459894,0.06721787336,0.9220060807,0.03613392889,4.142857143,0.8109733889,0.07078457804,0.8972770401,0.03819087361,0.8587193783,0.09761505513,2.061557558,0.8955197243,7.333333333,-1.250960666,2.370184263,33.00047338,4.093425893,3.8,30.28386464,4.053577252,30.93891583,4.190237596,31.5348253,4.695664168,786.5820606,799.4890048,13.38002721,17.4096829,1.016408897,0.02808575889
CW0029,,BGV008218,lycopersicum,0.1490049359,0.07256017681,7,0.07635624184,0.06306242767,0.9379875372,0.02790108364,6.333333333,0.8289563863,0.0652585846,0.7889826013,0.07773962778,0.7526001445,0.09074994572,3.218341755,1.616693795,7.166666667,-0.09882903764,2.222503639,29.36353467,2.680584579,5.181818182,26.67799102,3.932572327,26.14519292,3.130372583,26.77682006,4.517150377,855.4839533,759.5841897,13.45054694,74.69451277,0.8878999854,0.08842157307
CW0034,,BGV008223,lycopersicum,0.03530668589,0.01654696791,10.13333333,-0.03543749187,0.0556713121,0.7924069899,0.06893884053,6.75,0.683756567,0.06741093514,0.7571003041,0.07089686792,0.7191940589,0.08742727931,0.946141361,0.2895409426,10.13333333,-2.288213725,2.094204476,24.86393403,3.729321556,5.727272727,22.19065291,3.923803708,23.91779267,3.74054451,24.47886664,4.447687931,863.2019926,850.9980698,20.51781662,36.9137811,0.9858620312,0.04876334754
CW0038,,BGV008061,lycopersicum,0.05593321857,0.02794271796,28.23076923,-0.003810896992,0.05215765765,0.9746020944,0.01188760624,25,0.8826275532,0.04904679146,0.9186688758,0.0303662752,0.8864384501,0.07159615216,1.992527825,1.012330962,28.23076923,-0.7366299819,1.962249328,35.59330678,2.520889365,25,33.35330202,3.099607482,33.60077896,2.716559804,34.089932,3.668513183,813.3758875,763.7380911,18.38676133,13.31782493,0.9389731154,0.02680733077
CW0039,LA4773,LA4773,lycopersicum,0.2389673269,0.05357470809,80.92857143,0.2112542186,0.03921845559,0.9506056864,0.01963087058,85.81818182,0.9142035729,0.04650632847,0.7116383595,0.05705804437,0.7029493542,0.06083523524,3.031443279,0.7981249513,80.92857143,1.773366041,1.476202708,40.63234144,3.243175458,85.81818182,39.7596097,2.950051419,37.60089816,3.339938696,37.98624366,3.298784293,975.3445921,852.0453762,16.66731228,22.47105573,0.8735839446,0.02745279259
CW0040,,BGV013161,lycopersicum,0.01774241894,0.007302484688,59.5,-0.02299549678,0.04572419172,0.9088183301,0.03112433593,56.77777778,0.8458806362,0.05487990384,0.8910759112,0.03196952564,0.868876133,0.07143182452,1.960820053,0.8869802013,59.5,0.104555533,1.720756373,18.46467865,2.368973988,56.77777778,16.93908028,3.478621046,16.50385859,2.529579339,16.83452475,3.880954377,824.7670296,876.9639676,20.04185134,20.16555483,1.063286887,0.03557244703
CW0041,LA4790,CATIE-11106-1,lycopersicum,0.09252220912,0.04307272822,55.33333333,0.04925169194,0.0515316582,0.9900914565,0.004866097777,43.75,0.9152496704,0.05973600107,0.8975692474,0.04334672795,0.8659979785,0.07889170819,2.112463634,0.6484711441,55.33333333,0.1398849208,1.940080486,47.77128873,3.936600383,43.75,45.95280872,3.786182323,45.6588251,3.989653794,45.8129238,4.254302396,890.4594891,787.2103127,15.97092763,34.65317803,0.8840495523,0.04202227404
CW0042,LA4749,LA4749,lycopersicum,0.03191950733,0.009735874525,54.22222222,-0.01202637023,0.05175293628,0.9585493719,0.01264356712,54.8,0.8938044896,0.05300217267,0.9266298646,0.01595766406,0.9058308598,0.07407831479,1.711555812,0.5836929379,54.22222222,-0.2920400192,1.948383349,29.17843118,1.558421529,54.8,27.60836976,3.358424814,27.46687537,1.664143956,27.90040978,3.882681407,857.9669026,823.3558603,19.98922881,17.29008302,0.9596592337,0.03010018366
CW0043,LA4758,BGV007989,lycopersicum,0.06072583788,0.0246185508,45.77777778,0.01164722137,0.05351288234,0.9734027545,0.006314530459,44.3,0.8990635293,0.05494668172,0.9126769167,0.02541547439,0.887416308,0.07669919431,1.855994143,0.869766643,45.77777778,-0.3833317883,2.014454641,37.99946491,2.044045864,44.3,36.19334963,3.480589668,36.14347076,2.221399898,36.57668142,4.021508664,836.0806142,736.1898501,15.32674961,29.23248035,0.8805249608,0.03850985179
CW0044,,PI647486,lycopersicum,0.02867807888,0.008367387868,49.09090909,-0.01838673574,0.04937379987,0.9059243468,0.02511732767,31.4,0.8197977861,0.05759053403,0.8772462679,0.02647439006,0.8381845218,0.07585803665,1.681988617,0.530754866,49.09090909,-0.4648499067,1.85814045,23.04043665,2.236161604,31.4,20.94431234,3.647039696,21.35844803,2.298286198,21.40916224,4.093114276,830.0496218,790.4457185,16.46698249,49.36175016,0.9522873064,0.06239713301
CW0045,LA4696,LA4696,lycopersicum,0.6332779891,0.06176862754,29,0.5740014307,0.05737923744,0.9732992453,0.01296709377,32.16666667,0.8878732239,0.05421678117,0.3400212562,0.06311504471,0.3138717932,0.07894198027,11.737922,1.693983105,29,9.030237582,2.159761246,53.73867871,1.041489178,32.16666667,51.65979008,3.431666506,42.00075671,1.988536765,42.62955249,4.054738419,856.9170037,784.0202224,25.61523785,19.45786192,0.9149313399,0.03554701951
CW0046,,TR00003,lycopersicum,0.1037815218,0.01979562294,63.3,0.06535333859,0.04805318018,0.8424723625,0.09887804225,61.11111111,0.7834942387,0.05418365629,0.7386908407,0.1008401405,0.7181409001,0.07242221161,4.364481927,0.8916535139,63.3,2.614295952,1.809046411,30.23883816,4.984047365,61.11111111,28.81065885,3.434987506,25.87435623,5.063178263,26.1963629,3.882240086,824.186839,764.1594073,16.46603204,33.43746264,0.9271676896,0.04459890758
CW0047,,BGV008100,lycopersicum,0.02968316319,0.0150857781,31,-0.02837774648,0.05517361677,0.9685465607,0.009370196065,32.38461538,0.8833196892,0.05288008558,0.9388633975,0.01775897731,0.9116974357,0.07642271546,1.867274407,1.017728092,31,-0.7845791971,2.076464823,27.78058988,2.208865794,32.38461538,25.70660103,3.346288562,25.91331548,2.432048225,26.49118022,3.938191628,835.770275,819.5828501,21.43750392,14.08868832,0.9806317294,0.03027946974
CW0048,LA4669,LA4669,lycopersicum,0.4124764313,0.09031496424,32.11111111,0.355090882,0.05662842819,0.9096970151,0.04231996755,28.27272727,0.8207129184,0.05656802852,0.4972205838,0.09973852024,0.4656220364,0.08004199354,7.18410086,2.398888425,32.11111111,4.563264374,2.13153084,43.45210315,3.441349146,28.83333333,41.29827678,3.479778599,36.26800229,4.194943339,36.73501241,4.08072087,885.4834582,749.0612942,12.87708109,28.49869024,0.8459348249,0.03445531749
CW0049,LA4728,LA4728,lycopersicum,0.145127794,0.05177402498,53.875,0.1009708664,0.05409907474,0.8862811761,0.02467227327,61.55555556,0.8277091621,0.05411431666,0.7411533821,0.05735216414,0.7267382957,0.07651842364,5.576189777,1.593843456,53.875,3.562901096,2.037045164,31.98389353,4.092612181,61.55555556,30.56570592,3.430644873,26.40770375,4.392016784,27.00280482,3.989846769,808.1347973,810.5134579,22.94150209,35.3072513,1.002943396,0.05214825692
CW0050,LA2706,LA2706,lycopersicum,0.06923059613,0.03792355,31,0.01116968646,0.05689491227,0.8749309775,0.03010559132,31.77777778,0.78914961,0.05955002571,0.8057003814,0.0484204737,0.7779799236,0.08236040678,6.49892491,3.628636609,31,3.847071305,2.141550008,18.44186534,2.574707305,31.77777778,16.35423397,3.772231717,11.94294043,4.449283239,12.50716266,4.337737724,784.7211333,835.5478188,14.69946125,21.89290821,1.064770379,0.03429533444
CW0051,LA4782,LA4782,lycopersicum,0.06150792167,0.02774157386,26.1,0.0004686726882,0.05640711223,0.968077498,0.01334701182,25.28571429,0.8763640274,0.05346702782,0.9065695764,0.03078534789,0.8758953547,0.07772055953,2.484136506,0.8668972363,26.1,-0.3045025897,2.122856303,34.5918737,1.922226088,25.28571429,32.35829218,3.382396193,32.1077372,2.108664021,32.66279477,3.993384891,835.4757824,789.6648172,11.98280548,18.70922399,0.945167812,0.02617700362
CW0052,LA4760,BGV007992,lycopersicum,0.2968946304,0.03353535315,26.11111111,0.235862135,0.05808911673,0.9941287879,0.004153733371,28.16666667,0.9050477787,0.05513429173,0.6972341575,0.03379161748,0.6691856436,0.08008829881,9.288952451,1.748954506,26.11111111,6.500623526,2.186457483,46.60563191,4.040325443,28.16666667,44.43681799,3.489523868,37.31667946,4.402620987,37.93619447,4.117933117,810.5922258,762.4577868,27.00640304,42.02619729,0.9406181833,0.06058165315
CW0053,LA4689,LA4689,lycopersicum,0.1518259538,0.06023067139,56.6,0.1093253474,0.04936584068,0.9856338664,0.006733896758,29.77777778,0.898025005,0.05996707345,0.8338079126,0.06060593322,0.7886996576,0.07767262146,4.12840735,1.373885932,56.6,2.191188151,1.858276377,43.13685463,2.546930255,29.77777778,41.00426062,3.79850732,39.00844728,2.893858372,38.81307247,4.228693528,840.7482697,792.6022011,21.83372301,24.69267074,0.9427342639,0.03823570909
CW0054,,BGV008051,lycopersicum,0.08157379456,0.04033758568,28.93333333,0.02225671457,0.05022578303,0.9455234624,0.02573760073,42.25,0.8693110559,0.05201146983,0.8639496678,0.04784918923,0.8470543414,0.07230368092,5.325420916,2.412699192,28.93333333,2.615875472,1.889202667,30.15968934,3.782089523,42.25,28.30748735,3.292738875,24.83426842,4.486125116,25.69161188,3.796210745,877.9195469,779.269734,21.62354827,25.77743149,0.8876322856,0.03660744802
CW0055,LA4763,LA4763,lycopersicum,0,0,35.88888889,-0.05508932396,0.05573660437,0.8926925805,0.03629222344,30.76923077,0.8059896562,0.05325620381,0.8926925805,0.03629222344,0.8610789802,0.07708950844,0.08042418131,0.05786918149,35.88888889,-2.434954102,2.098005762,26.04812388,2.098547143,30.76923077,23.93781905,3.370007412,25.9676997,2.099344887,26.37277315,3.969707562,883.5301216,737.0870508,28.78732964,55.85966623,0.8342523167,0.06881881936
CW0056,LA4729,LA4729,lycopersicum,0.03935550417,0.01514953672,32,-0.01809758115,0.05665499244,0.8439928023,0.05119035149,25.66666667,0.7526274257,0.06084247973,0.8046372981,0.05338502177,0.7707250068,0.08313600608,2.425595695,1.119916465,32,-0.1983425033,2.132529561,20.61737832,2.953289969,25.66666667,18.39236111,3.853682947,18.19178263,3.158501944,18.59070361,4.404379023,812.755657,780.6333853,14.18803588,22.68170099,0.9604773323,0.03255662854
CW0058,LA4766,LA4766,lycopersicum,0.08233925974,0.05445716839,40.4,0.02999189896,0.05290901481,0.9265774785,0.02355375141,35.25,0.8439688435,0.06132498587,0.8442382188,0.0593326419,0.8139769445,0.08099455377,1.361194519,0.6954254844,40.4,-1.028254264,1.991332536,25.82220956,1.22876535,35.25,23.81263833,3.886135232,24.46101504,1.411906827,24.8408926,4.366629399,855.2023423,790.9314524,31.75097523,46.13011467,0.9248471541,0.06394211053
CW0059,LA4789,LA4789,lycopersicum,0.02295876499,0.009941201553,45.66666667,-0.02618738756,0.05353692657,0.946626957,0.01275413374,48.33333333,0.8759731778,0.05633783481,0.923668192,0.01617081989,0.9021605654,0.07771842856,1.040410221,0.4243301486,45.66666667,-1.202017421,2.015357674,30.75524246,4.018924299,48.33333333,29.03980183,3.570131022,29.71483223,4.041263243,30.24181925,4.099695363,830.3154242,807.2394425,27.51396455,35.69526395,0.9722081741,0.05372150645
CW0060,LA4686,LA4686,lycopersicum,0.1760242644,0.07537737049,47.8,0.1281748038,0.05122985853,0.9959935897,0.002625607355,38,0.9158977588,0.06079836915,0.8199693254,0.0754230853,0.787722955,0.07950434011,4.010874892,1.682519141,47.8,1.828000117,1.928249597,46.21729683,1.445043579,38,44.26954924,3.852994128,42.20642194,2.217886742,42.44154912,4.308562435,891.7458568,764.0725762,16.20335647,29.49794968,0.8568277278,0.03655956814
CW0061,,BGV012615,lycopersicum,0.1434636657,0.03359051822,77,0.113362676,0.05021674277,0.8804686919,0.05343864709,86.125,0.8443469326,0.05378232421,0.7370050263,0.06311902976,0.7309842566,0.07358165295,5.948382741,1.588457446,77,4.580637835,1.891609687,40.64032435,4.825895203,86.125,39.77449029,3.413847116,34.69194161,5.080596576,35.19385246,3.902888589,833.6108957,802.9094456,27.83931195,31.3128333,0.9631705268,0.04945329192
CW0062,LA4771,BGV012626,lycopersicum,0.2557056914,0.0683661577,91.875,0.234646089,0.04839672924,0.9306394507,0.01606045574,93.8,0.9015306992,0.04778200386,0.6749337593,0.07022727217,0.6668846102,0.06801002348,8.475067102,3.750569269,91.875,7.522563867,1.823724259,39.33012294,2.845150793,93.8,38.63683301,3.032926115,30.85505584,4.707616475,31.11426915,3.539012714,921.0335803,877.7975677,21.70289507,39.24427763,0.9530570725,0.04816494162
CW0063,LA2309,LA2309,lycopersicum,0.03914312631,0.01282757257,32.25,-0.01815800292,0.04469203678,0.9650606564,0.008211655302,36,0.8831373316,0.05661765237,0.9259175301,0.01523082075,0.9012953345,0.07213138507,1.186168364,0.3168537013,32.25,-1.430790982,1.679968252,29.16631563,1.928727216,36,27.17360539,3.585751508,27.98014727,1.954580502,28.60439638,3.959786257,846.6475569,803.6607617,16.80900752,24.51116339,0.9492270487,0.03454428185
CW0064,LA4688,LA4688,lycopersicum,0.07519720877,0.02288266512,49.22222222,0.02821220946,0.05277871083,0.9837467716,0.005732184064,47,0.9118746632,0.04966165513,0.9085495628,0.02358970744,0.8836624537,0.07246980273,2.391231218,0.7541881917,49.22222222,0.2480583536,1.9868858,32.23502518,1.787868571,47,30.48960947,3.143568795,29.84379397,1.940431358,30.24155111,3.718835833,866.5630995,828.9395131,30.08736009,18.93648498,0.9565829812,0.03975704829
CW0065,LA4739,LA4739,lycopersicum,0.01529801031,0.006079605103,33.6,-0.04118255605,0.05453341038,0.8966099275,0.04851755826,44.6,0.8225448264,0.05488841939,0.8813119172,0.04889698414,0.8637273824,0.07737332506,0.5483283717,0.1951000757,33.6,-2.030945176,2.05239229,19.36255543,1.577340828,44.6,17.56318455,3.476925662,18.81422706,1.589360918,19.59412972,4.037490083,845.3600288,861.0435351,18.22081869,15.69073912,1.018552458,0.0287485702
CW0066,LA4026,LA4026,lycopersicum,0.04944699027,0.01191574479,78,0.01995382501,0.04760816864,0.821752144,0.06377997045,70.44444444,0.771302325,0.05281163277,0.7723051537,0.06488350796,0.7513485,0.07110278671,3.532902402,0.7447996169,78,2.193072902,1.793108507,25.70523864,3.10506452,70.44444444,24.48688498,3.349176482,22.17233623,3.193141423,22.29381208,3.798976339,887.6165251,810.713267,26.04345884,28.44543812,0.9133598171,0.04177540815
CW0067,,EA01640,lycopersicum,0.1334201893,0.05042622243,104.5,0.1200343693,0.04732528543,0.8514234791,0.03958539296,122.8888889,0.8488946108,0.04888467062,0.7180032898,0.06410777835,0.7288602415,0.06803964773,2.793929283,0.7376886705,104.5,2.193858055,1.784020555,30.60322867,3.75627797,122.8888889,30.56389536,3.108449658,27.80929938,3.828029357,28.37003731,3.584018501,813.6294636,740.3556428,32.01575013,27.36151485,0.9099420264,0.04912175525
CW0068,LA2463,LA2463,lycopersicum,0.06044683756,0.03009955969,41.2,0.008585736249,0.05272288488,0.9015489999,0.04128014939,44.4,0.8273011494,0.0549272439,0.8411021624,0.05108849408,0.8187154132,0.07613609336,1.716074646,0.8211510705,41.2,-0.6510418118,1.984338045,28.88868357,3.137092351,44.4,27.08481642,3.479367239,27.17260893,3.24278237,27.73585824,4.005445526,765.7186091,815.8528916,23.29344697,26.69045005,1.065473507,0.04759765077
CW0069,LA4693,LA4693,lycopersicum,0.04074290003,0.009308841158,35.25,-0.01473475615,0.05139038046,0.9628752119,0.013570485,29.44444444,0.8749617682,0.06003715049,0.9221323119,0.01645638438,0.8896965244,0.07902803706,2.638685241,0.4368324285,35.25,0.1054721143,1.933616693,39.07510882,2.057578765,29.44444444,36.93502104,3.80292312,36.43642358,2.103438362,36.82954892,4.26627446,762.8607325,803.2019092,20.34776389,21.83001875,1.052881443,0.04009435029
CW0070,LA3840,LA3840,lycopersicum,0.08702668362,0.02708791883,72,0.05388657227,0.04853005759,0.9104263275,0.02641083385,54.71428571,0.845603124,0.04686777315,0.8233996439,0.03783236037,0.7917165517,0.06746669289,3.809285253,1.147827498,72,2.301963314,1.827587357,25.33115874,1.711909222,54.71428571,23.75917035,2.966673094,21.52187349,2.061101926,21.45720704,3.484426035,863.8816103,842.3071798,19.72446084,18.62712585,0.9750261723,0.03099240019
CW0071,LA4772,LA4772,lycopersicum,0.02909685976,0.008796821725,36.33333333,-0.02572232005,0.05563316168,0.8818979486,0.05464784539,34.25,0.7983755666,0.06151936817,0.8528010888,0.05535134215,0.8240978867,0.08294384449,2.266217618,0.9717388519,36.33333333,-0.2367538188,2.094117752,25.58154382,4.142099783,34.25,23.54949128,3.898371532,23.31532621,4.25455838,23.7862451,4.425226521,905.7659936,833.3267697,23.02133935,27.4066765,0.9200243501,0.03824063642
CW0072,,V710029,lycopersicum,0.101699792,0.02056419395,61.25,0.06202556885,0.05273424316,0.894833222,0.03610984858,55.16666667,0.8304233802,0.04943801929,0.7931334301,0.0415548702,0.7683978114,0.07228428704,4.858191553,1.095943208,61.25,3.050778994,1.985859496,30.04555825,2.448687246,55.16666667,28.48373998,3.130946664,25.1873667,2.682752457,25.43296099,3.707622547,823.6338071,805.3271069,17.8275378,37.71399157,0.9777732531,0.05044414495
CW0073,,BGV008095,lycopersicum,0.0483959555,0.01281553459,32.75,-0.008601261556,0.05203159156,0.7441800277,0.08218119722,42,0.6677391846,0.06005366577,0.6957840722,0.0831744378,0.6763404461,0.07945897868,2.431259358,0.5316548885,32.75,-0.1717422852,1.957730524,19.19643306,3.816603518,42,17.33861074,3.806153295,16.7651737,3.853455506,17.51035302,4.280129871,792.0126306,824.0510992,18.55371713,27.00525276,1.040451967,0.04191277668
CW0074,LA4682,LA4682,lycopersicum,0.1888387833,0.06356291246,48.66666667,0.1415161038,0.05289564012,0.9680090377,0.0279976922,50.125,0.8989923885,0.05862227577,0.7791702544,0.06945584647,0.7574762847,0.07895897643,3.731351058,1.141864179,48.66666667,1.572669634,1.991275995,49.88569864,2.602452335,50.125,48.21053705,3.716216861,46.15434758,2.841938064,46.63786741,4.216093908,899.8635805,756.7658858,18.01682292,27.65987062,0.8409784574,0.03504751399
CW0075,LA4667,LA4667,lycopersicum,0.7441970297,0.03599397854,36.07692308,0.6892219975,0.05008133668,0.9710827599,0.007153474481,40.6,0.893362671,0.05567769475,0.2268857302,0.03669793847,0.2041406735,0.07488755554,14.95867721,1.501213113,36.07692308,12.44854798,1.8841481,56.57799959,1.60952293,40.6,54.68870343,3.526577968,41.61932238,2.200955445,42.24015545,3.998345436,816.1216472,826.3276832,23.89502825,24.60975648,1.012505533,0.04228611399
CW0076,LA4698,LA4698,lycopersicum,0.6055281309,0.08756434077,94.25,0.5859121113,0.04816077373,0.985797554,0.008461842888,98,0.9605265396,0.04989150369,0.3802694231,0.0879722488,0.3746144283,0.06934423024,12.65108106,1.805236845,94.25,11.76487691,1.814953936,54.28385989,1.400867209,98,53.6849915,3.168093863,41.63277883,2.285018381,41.92011459,3.651147287,835.6186594,779.6103091,29.54183199,27.22286909,0.9329737916,0.04636004702
CW0077,LA4725,LA4725,lycopersicum,0.05755941569,0.01599105357,65.875,0.0206963802,0.0519366581,0.9619054478,0.02016279304,78.55555556,0.9188671318,0.05176944752,0.9043460321,0.02573425766,0.8981707516,0.07333138586,2.27682605,1.008965717,65.875,0.5985222462,1.955972055,35.53575974,2.62801425,78.55555556,34.49975457,3.284209384,33.25893369,2.815043644,33.90123232,3.822546004,906.8046352,800.6461627,41.52621861,31.602565,0.8829312639,0.05337957853
CW0078,,PI303721,lycopersicum,0.1522824306,0.04041936486,102.5,0.1376809619,0.04746455216,0.9264346487,0.02201427297,101.8,0.9046358727,0.04716548022,0.7741522181,0.04602557191,0.7669549108,0.06691387178,4.590840351,1.249164702,102.5,3.93493831,1.7891579,35.51238609,3.993734013,101.8,34.99894672,2.995182446,30.92154573,4.184533883,31.06400841,3.488868566,867.1257167,759.1782371,27.69728367,25.60673467,0.8755111543,0.04067067885
CW0079,LA4737,LA4737,lycopersicum,0.04457178879,0.020513709,75,0.01325515048,0.04805790215,0.9428945938,0.02142038916,76.75,0.8982064569,0.05478531428,0.898322805,0.02965881537,0.8849513064,0.07287655741,2.217973451,1.053684063,75,0.7943977319,1.809922884,30.71254547,2.059373181,76.75,29.63594903,3.476137904,28.49457202,2.313280788,28.84155129,3.919101373,889.3041083,886.3765397,23.32274461,30.35353251,0.9967080231,0.04299130151
CW0080,LA4779,LA4779,lycopersicum,0.07003803805,0.0319375605,66.25,0.03340293669,0.05187404232,0.9333537408,0.02581317771,64.22222222,0.8772183852,0.05370654367,0.8633157027,0.04106492316,0.8438154485,0.07466799247,3.656703844,1.131779138,66.25,1.988868318,1.953626606,33.24145031,2.132365416,64.22222222,31.88321288,3.40511827,29.58474646,2.414105691,29.89434457,3.925746725,806.9808482,746.7151511,23.74688069,27.63447904,0.9253195447,0.04375043763
CW0081,LA4746,LA4746,lycopersicum,0.03132674572,0.01267937302,58.2,-0.01020134165,0.04904363811,0.6541726661,0.05703827194,60.33333333,0.5944838502,0.04849699522,0.6228459204,0.05843056535,0.6046851919,0.06897272638,2.040105716,0.7235327111,58.2,0.1475511684,1.846188483,14.27072743,1.788369623,60.33333333,12.82506265,3.071906512,12.23062171,1.92918778,12.67751148,3.583995191,836.9217864,837.0707241,21.35747542,23.43416144,1.000177959,0.03788771366
CW0082,LA4690,LA4690,lycopersicum,0.197386098,0.08057528017,68,0.1618146892,0.04919335644,0.8368124639,0.08462504941,70.9,0.7867789073,0.05043429877,0.6394263659,0.1168493678,0.6249642181,0.07045285523,4.3776813,1.38233406,68,2.758697736,1.852420158,34.01097772,4.81877867,70.9,32.80286556,3.197631527,29.63329642,5.013130292,30.04416782,3.695444199,814.0003724,809.6869449,28.71014866,29.54650592,0.9947009515,0.05048160333
CW0083,LA4664,BGV006175,lycopersicum,0.05352585156,0.01770243915,60.75,0.01354771628,0.0528232243,0.8677593377,0.04215871024,68.625,0.8156470069,0.05580751237,0.8142334861,0.0457245361,0.8020992906,0.07684251078,2.610067491,0.940920171,60.75,0.788697229,1.989195072,29.17790754,3.693439169,68.625,27.91865037,3.539891244,26.56784005,3.811407045,27.12995314,4.060508226,840.3075716,841.8179611,20.81210974,28.43604166,1.001797425,0.04196155632
CW0084,LA4700,LA4700,lycopersicum,0.3784032807,0.07558177063,62.625,0.3395648161,0.05249228759,0.9775019739,0.008261702788,68.7,0.9254581741,0.05075329535,0.5990986932,0.07603196554,0.585893358,0.07301600677,9.5453368,2.822140915,62.625,7.776307926,1.97679067,51.79959738,1.721211913,68.7,50.54202632,3.217560075,42.25426058,3.305608838,42.76571839,3.776293711,932.3357671,791.4188933,60.07156026,29.66487134,0.8488560894,0.06327464925
CW0085,LA4726,LA4726,lycopersicum,0.1044111395,0.07054323653,80.875,0.0766654692,0.04968758641,0.9226059804,0.04338588578,87.55555556,0.8877913868,0.05078744248,0.8181948409,0.08281716794,0.8111259176,0.0710508308,5.311642881,3.083057368,80.875,4.052070175,1.871840852,29.29550996,3.656218655,87.55555556,28.46183668,3.223266613,23.98386708,4.782591095,24.4097665,3.72736312,859.4230101,804.2540689,25.24970229,35.26559785,0.9358070001,0.04939336239
CW0086,LA4699,LA4699,lycopersicum,0.2388173896,0.06699133576,96.5,0.2205689748,0.04795172263,0.9045707071,0.08064367087,122.8,0.9019606169,0.04637786298,0.6657533175,0.1048391183,0.6813916421,0.06671037309,3.535135258,0.8122421188,96.5,2.711740778,1.807193366,38.94145221,4.260771978,122.8,38.90012056,2.948990425,35.40631695,4.337501022,36.18837978,3.458683621,913.7102724,767.2789243,38.47060733,37.78489512,0.839739847,0.05440727017
CW0087,,BGV008077,lycopersicum,0.1163489013,0.02936692676,105.25,0.1034189495,0.04727608167,0.8278893334,0.05650427727,112.2,0.8155935256,0.04662206127,0.7115404321,0.06368005761,0.7121745761,0.06639762417,3.905363925,1.11982592,105.25,3.326229252,1.782208277,29.1085824,3.063080811,112.2,28.82894876,2.96255444,25.20321847,3.261360781,25.50271951,3.457310393,864.2321458,804.4272019,35.4893229,36.57202805,0.9307999081,0.05702411347
CW0088,LA4697,LA4697,lycopersicum,0.2210508151,0.100745889,71,0.1873028794,0.0511084163,0.9946808511,0.005319148936,66,0.9401699345,0.05616678495,0.773630036,0.1008862107,0.7528670552,0.07593930437,3.70789425,1.781658854,71,2.172656905,1.924960421,39.67704957,2.346844196,66,38.35877894,3.562343655,35.96915532,2.946520991,36.18612204,4.049168425,872.4289716,762.14683,18.67228958,30.6117595,0.8735918394,0.03975864607
CW0089,,BGV008098,lycopersicum,0.04934052884,0.02398684905,68.8,0.01425537957,0.04705052946,0.9735136094,0.01065404109,61,0.9144339581,0.05688885815,0.9241730806,0.02624647631,0.9001785786,0.07382475536,3.087361108,1.617427835,68.8,1.490709869,1.771477054,39.65408843,1.906951595,61,38.2234112,3.60752412,36.56672732,2.500507386,36.73270133,4.019000028,894.3424333,782.2211535,18.71174185,19.62468493,0.8746327183,0.02857216229
CW0090,LA4730,LA4730,lycopersicum,0.05885496655,0.03367926232,66.25,0.02221986519,0.05187404232,0.9731597107,0.01000526973,63.5,0.9163644268,0.05652171353,0.9143047441,0.03513400252,0.8941445616,0.07671779694,2.476655007,1.041674933,66.25,0.8088194807,1.953626606,28.79881716,1.886817183,63.5,27.42434323,3.584543175,26.32216215,2.155264659,26.61552375,4.082353082,894.0697223,837.7556925,34.19654667,23.05170908,0.9370138275,0.04414971781
CW0091,LA4777,LA4777,lycopersicum,0.04926346801,0.02724797825,68.125,0.01376803731,0.05156568706,0.9183992821,0.02011674536,69.76923077,0.8673324886,0.04543054844,0.869135814,0.03386939271,0.8535644513,0.06872375727,2.85375317,1.612978901,68.125,1.238259031,1.942078448,28.7144201,2.547113736,69.76923077,27.48088676,2.878095888,25.86066693,3.014877994,26.24262773,3.472046175,858.7214169,804.3557666,36.17378131,25.70712101,0.9366900031,0.04952924122
CW0092,LA0502,LA0502,lycopersicum,0.2699982315,0.05805503987,101.3333333,0.2546876344,0.04494424451,0.8332752807,0.0626225494,102.6666667,0.8122684187,0.04957943861,0.5632770492,0.08539304039,0.5575807843,0.06691865097,6.066909655,1.652970298,101.3333333,5.37843964,1.693925869,24.87825172,2.638646959,102.6666667,24.38429616,3.149067299,18.81134206,3.113642333,19.00585652,3.575753026,918.2480076,831.755716,18.30386056,22.81804916,0.9058072646,0.0307166839
CW0093,,BGV008225,lycopersicum,0.118411311,0.03381440162,73.8,0.08636528345,0.04620163505,0.9955357143,0.004464285714,70,0.9446797855,0.05562488924,0.8771244033,0.0341078232,0.8583145021,0.07230988442,6.370722857,1.949534505,73.8,4.91364865,1.739698771,37.59999478,3.347571972,70,36.37164943,3.528486402,31.22927192,3.873876985,31.45800078,3.934052377,794.4202627,785.4615994,24.6893383,26.04244188,0.9887230177,0.0449315837
CW0094,LA4745,LA4745,lycopersicum,0.02084131545,0.007293084106,77.25,-0.009107718064,0.05018147763,0.8920215405,0.02358223015,95.81818182,0.8647568964,0.04551183862,0.871180225,0.02468421873,0.8738646145,0.06774590875,1.962479756,0.8168823713,77.25,0.6017137018,1.890291617,33.86991702,2.412060717,95.81818182,33.22199848,2.888669999,31.90743727,2.546631836,32.62028478,3.45219014,853.3454441,789.8958832,29.22805526,22.52547915,0.9256461011,0.04125476298
CW0095,LA4735,LA4735,lycopersicum,0.07008061383,0.02383635074,101.375,0.05479534274,0.04754801023,0.9512475926,0.02898740278,109,0.9360277946,0.04461875068,0.8811669787,0.03752920378,0.8812324518,0.06520464853,2.561017557,1.046815252,101.375,1.873710684,1.792241275,30.70057602,3.585697565,109,30.34900216,2.834413714,28.13955847,3.735378053,28.47529148,3.353510085,942.1762959,872.2625347,22.11708926,41.82171455,0.9257954572,0.04942302755
CW0096,,PI129088,lycopersicum,0.1410601156,0.0380597377,102,0.1261547347,0.04750119121,0.8753968254,0.09850581588,98.88888889,0.8509380305,0.04982778801,0.7343367098,0.1056027433,0.7247832958,0.06884164165,3.409706433,1.031291189,102,2.739846688,1.790511142,28.09884667,3.362199792,98.88888889,27.51996168,3.164197438,24.68914024,3.516809486,24.78011499,3.635667143,901.1690522,867.5031481,25.00341127,28.53592938,0.9626419661,0.04142550341
CW0097,LA4776,LA4776,lycopersicum,0.1510506319,0.04431740864,79.33333333,0.1223678991,0.04741565227,0.9882549295,0.006461630043,92.8,0.958232431,0.04787085853,0.8372042976,0.04478599526,0.8358645319,0.06737850679,5.997752919,1.938260546,79.33333333,4.695143961,1.785914644,57.07353939,2.367850169,92.8,56.35776814,3.038395921,51.07578647,3.059994831,51.66262418,3.524392272,889.6260011,772.2127888,20.49806399,27.02114733,0.8680195811,0.03636708425
CW0098,LA4683,BGV006767,lycopersicum,0.3481813326,0.07957372778,101,0.3326681273,0.04757664448,0.9648255547,0.01230323992,121,0.9605707201,0.05186656841,0.6166442222,0.0805192391,0.6279025927,0.07038237008,12.29883935,2.349410581,101,11.6010642,1.793299882,35.72918827,1.862409674,121,35.64739025,3.297795692,23.43034892,2.998049344,24.04632605,3.75384881,882.4301408,801.7823836,37.74422638,37.64111109,0.9086072048,0.05770574953
CW0099,LA4768,LA4768,lycopersicum,0.08492402901,0.01739579171,77.88888889,0.05536332772,0.04762441809,0.9223743129,0.02151066949,71.2,0.8726148805,0.05039162016,0.8374502839,0.02766446224,0.8172515528,0.06933542082,2.913794269,0.6259583316,77.88888889,1.570863057,1.793715819,32.84030542,2.998290966,71.2,31.63893765,3.194966556,29.92651115,3.062935283,30.0680746,3.664045269,857.550948,786.5997877,23.91789938,31.50200502,0.9172630379,0.04476556392
CW0100,,TR00018,lycopersicum,0.1259032634,0.05971902321,111,0.1164683017,0.04695422479,0.8548400942,0.09051538282,90.77777778,0.8229697963,0.05048246786,0.7289368308,0.10844075,0.7065014947,0.06894330125,1.507668081,0.6382047029,111,1.089046995,1.770407057,27.03767978,5.047506969,90.77777778,26.2764463,3.204423128,25.5300117,5.087694158,25.18739931,3.660965547,837.7902518,804.8964438,33.82121842,27.39868741,0.9607374186,0.0507322441
CW0101,LA4741,LA4741,lycopersicum,0.1636177376,0.03795417538,100,0.147496708,0.04285983969,0.8499482212,0.1176491657,110.375,0.8359848253,0.05213409087,0.6863304837,0.1236197622,0.6884881173,0.06749021625,3.619391562,1.506169802,100,2.893701005,1.615126516,36.69053506,5.587824637,110.375,36.36987301,3.313040455,33.07114349,5.787255969,33.476172,3.685765961,832.0536866,804.1825585,19.69788708,21.9405138,0.9665032094,0.03491220163
CW0102,LA4740,LA4740,lycopersicum,0.3346676908,0.09970469942,105.2222222,0.321720855,0.04465499526,0.9586599486,0.01528580837,107.3333333,0.941917239,0.04932342022,0.6239922578,0.1008696338,0.620196384,0.06653471563,10.68169471,3.384228051,105.2222222,10.10178461,1.68325244,40.55128238,3.982941897,107.3333333,40.16223965,3.133609514,29.86958767,5.226550072,30.06045504,3.55708411,797.401415,830.7268367,35.99809084,33.93026813,1.041792529,0.06342319539
CW0103,,PI487625,lycopersicum,0.06647206419,0.03746793017,98,0.04913538592,0.04782027913,0.9742572243,0.01290963814,115.5555556,0.9650275451,0.04901127584,0.9077851601,0.03962959182,0.9158921592,0.06847542811,2.758188147,1.200218938,98,1.976666777,1.802319452,39.92025135,2.954263608,115.5555556,39.71605503,3.115212551,37.1620632,3.188761353,37.73938826,3.599014399,875.2323303,806.874205,34.18671912,27.36728602,0.9218971661,0.04769073242
CW0104,LA4670,BGV006232,lycopersicum,0.4055950772,0.08555003335,120.7777778,0.4021032869,0.04397455369,0.98583376,0.007901487647,114.8888889,0.9759949162,0.04902991294,0.5802386828,0.08591415316,0.5738916293,0.06586117017,5.997158966,1.315542553,120.7777778,5.851488522,1.65857099,50.63142515,1.880262116,114.8888889,50.41224129,3.116280063,44.63426619,2.294784921,44.56075277,3.530164183,835.768396,762.9438791,23.12025771,41.60366134,0.9128651941,0.05581807612
CW0105,,EA01088,lycopersicum,0.1366881413,0.03245407686,113.4444444,0.1287389724,0.04419896463,0.9503099071,0.02021280536,100.2222222,0.9270694415,0.04973597372,0.8136217658,0.03823381495,0.7983304691,0.06653732454,4.473432185,1.51543922,113.4444444,4.12304876,1.66656572,37.46568703,2.635596647,100.2222222,36.91677713,3.158592311,32.99225484,3.040218038,32.79372837,3.571294819,818.1153066,829.1953655,30.37966555,32.07248105,1.013543395,0.05434503437
CW0106,LA4757,BGV007981,lycopersicum,0.1649261157,0.06973533424,103.6666667,0.1510337754,0.04476510807,0.9372279733,0.0347306491,112.6,0.9252976643,0.04660712118,0.7723018576,0.07790529397,0.7742638889,0.06462305042,4.601660326,1.727408854,103.6666667,3.978326259,1.687310513,35.53464021,4.010898296,112.6,35.2639991,2.961678786,30.93297989,4.367063829,31.28567285,3.408600592,848.8568764,772.1513977,30.43136371,39.30650236,0.9096367352,0.05663572661
CW0107,LA4750,LA4750,lycopersicum,0.1351557181,0.02913605865,122,0.1324068242,0.04661642755,0.8440516274,0.06248845123,82.88888889,0.8049728814,0.05127308363,0.7088959093,0.06894720046,0.6725660572,0.06929661191,3.88230206,1.792149825,122,3.770750446,1.758329648,30.3038948,2.517017137,82.88888889,29.36530869,3.253362723,26.42159274,3.089850524,25.59455824,3.698120084,798.8478203,850.9575876,38.50340938,12.95604501,1.065231157,0.05384341485
CW0108,LA4692,BGV006852,lycopersicum,0.4657248815,0.07366656176,109.5,0.4553781833,0.04702868486,0.9649690092,0.02042652307,109.5,0.9502060847,0.0521687289,0.4992441277,0.07644609321,0.4948279014,0.07023726557,8.530998283,1.640075737,109.5,8.070504087,1.773126523,37.21131683,2.397276084,109.5,36.87098363,3.315097009,28.68031855,2.904613751,28.80047954,3.759500744,746.8884451,790.011504,38.37604977,25.57946009,1.057736947,0.06423872909
CW0109,LA4786,LA4786,lycopersicum,0.08520702007,0.0296917983,114.8888889,0.0781358197,0.04414104279,0.9577047258,0.02804505835,122.2,0.9545463875,0.04638322594,0.8724977058,0.04084272499,0.8764105678,0.06402995633,2.052011561,0.9034133066,114.8888889,1.741950389,1.664472858,32.30794488,1.665516278,122.2,32.25312444,2.949220948,30.25593332,1.894755941,30.51117405,3.386498796,803.0949347,783.0419249,32.30333497,25.52130892,0.9750303371,0.05047801693
CW0110,LA3465,LA3465,lycopersicum,0.1811676056,0.07642086292,118.5555556,0.1763250945,0.0440241899,0.9660273365,0.008365191714,116.25,0.9574322038,0.05195107405,0.7848597309,0.07687733555,0.7811071094,0.06809583975,3.786299505,1.669735221,118.5555556,3.578594824,1.660300074,33.54982649,1.134899853,116.25,33.3612422,3.302381772,29.76352699,2.018913912,29.78264738,3.696257797,822.3163688,801.1373192,24.26281534,20.09420382,0.9742446454,0.03772834839
CW0111,LA4684,BGV006768,lycopersicum,0.08871944472,0.02534059272,106.25,0.07639731733,0.04721305366,0.7637246622,0.06349821726,110.25,0.7496470478,0.05213892249,0.6750052174,0.06836789622,0.6732497305,0.07033874945,4.459436313,1.171860374,106.25,3.908217047,1.779889326,36.86669759,4.250126506,110.25,36.54322538,3.313326831,32.40726128,4.40872227,32.63500833,3.76113556,842.6863544,747.2981921,23.12868933,21.70794273,0.8868046673,0.03544028141
CW0112,LA4736,LA4736,lycopersicum,0.0928741767,0.02434094269,111.25,0.08359117105,0.04694247131,0.9653057608,0.01446168619,120.8888889,0.9609493987,0.04890491093,0.8724315841,0.02831292741,0.8773582276,0.06778853831,2.163714517,0.9365275662,111.25,1.752072283,1.769978619,33.88897769,1.800911147,120.8888889,33.80468175,3.109386869,31.72526317,2.029868183,32.05260946,3.577864029,844.2631657,774.3949649,25.79400702,31.10127133,0.9172435756,0.04628599401
CW0113,LA4748,LA4748,lycopersicum,0.07647777522,0.02447827565,126.3333333,0.07636278684,0.04392078872,0.9702959813,0.009271852471,135.3333333,0.9791381862,0.04900003741,0.8938182061,0.02617543175,0.9027753993,0.06580303449,2.845197135,0.7628664676,126.3333333,2.854612282,1.656902521,32.68445134,2.806667577,135.3333333,32.92488558,3.11792249,29.83925421,2.908495855,30.0702733,3.530830868,839.8641313,770.4679778,31.43909001,31.57985697,0.9173721667,0.05092264468
CW0114,,LYC1969,lycopersicum,0.0968395615,0.02474408057,124.7777778,0.09577906858,0.04392569774,0.7592537646,0.07703732995,143.3,0.7753754867,0.04680511712,0.6624142031,0.08091365601,0.6795964181,0.06418867432,3.361611554,0.7548665494,124.7777778,3.327602735,1.656986884,37.30456502,5.294543724,143.3,37.72410044,2.979810818,33.94295347,5.348085335,34.39649771,3.40952754,780.8230575,634.2308031,27.81963201,62.81736277,0.8122593166,0.08549699986
CW0115,LA4727,LA4727,lycopersicum,0.09414125721,0.02851765573,136.8,0.1003881637,0.04184816654,0.8829617755,0.04634611709,140.25,0.8962965695,0.05210819676,0.7888205183,0.05441708608,0.7959084058,0.0668321271,4.743782447,1.209776593,136.8,5.045378849,1.579425286,31.79595129,1.787739027,140.25,32.14691868,3.316259187,27.05216884,2.15860377,27.10153983,3.673167465,769.9140418,722.2234891,25.58715056,43.63197722,0.9380573024,0.06468014182
CW0116,,TR00019,lycopersicum,0.0465322439,0.009588926404,128.5555556,0.0477679763,0.04392747491,0.8216556661,0.08599389597,134.2222222,0.8294825965,0.04897286515,0.7751234222,0.08652686088,0.7817146202,0.06578726756,2.109829254,0.5710938401,128.5555556,2.181278637,1.657298753,31.18911435,4.448458319,134.2222222,31.40456934,3.11600744,29.07928509,4.484967067,29.2232907,3.52932593,891.7816616,785.4241793,23.33169585,35.66104906,0.8807359616,0.0461524636
CW0117,LA4666,LA4666,lycopersicum,0.301614231,0.05690059042,125.4,0.3009319399,0.04166903073,0.9372782744,0.04065138783,134,0.94490215,0.04896782624,0.6356640434,0.06993005451,0.6439702101,0.06429740375,4.652298068,1.088174407,125.4,4.635658835,1.571892159,46.06485858,2.365591937,134,46.27531772,3.115649482,41.41256051,2.603871878,41.63965888,3.489715842,897.5257426,763.773246,21.01891447,44.86366876,0.850976423,0.0538121817
CW0118,,BGV008096,lycopersicum,0.03521662579,0.01763683665,126.3333333,0.03510163742,0.04392078872,0.8471444569,0.08492912877,126.25,0.8476867937,0.05183955482,0.8119278311,0.08674107978,0.8125851562,0.06794391161,1.985002309,1.035720244,126.3333333,1.994417456,1.656902521,27.29458628,2.940290859,126.25,27.33081519,3.296940708,25.30958398,3.117374979,25.33639774,3.689870458,809.0150201,783.0503614,14.40215543,24.62619944,0.9679058385,0.034978218
CW0119,LA4762,LA4762,lycopersicum,0.02788029644,0.0123560295,131.6666667,0.03100703792,0.04396389328,0.9039436027,0.0407019747,132.8888889,0.9105522038,0.04894461164,0.8760633062,0.04253612828,0.8795451659,0.06579056863,1.068462677,0.4436494621,131.6666667,1.226759992,1.658873862,28.25539602,4.192928718,132.8888889,28.44087592,3.113985117,27.18693334,4.216334437,27.21411593,3.528280856,816.0348537,760.3000053,31.51943212,25.24794983,0.9317004071,0.0474587914
CW0120,LA4705,LA4705,lycopersicum,0.08602808483,0.03944096209,132.3333333,0.08956004255,0.04397579834,0.9316752794,0.02396259319,131.25,0.9367863509,0.05187872777,0.8456471945,0.04614970599,0.8472263083,0.06800936137,3.087003569,2.271415777,132.3333333,3.263911154,1.659366008,33.94910348,3.434855835,131.25,34.09773899,3.300242807,30.86209991,4.117956318,30.83382783,3.693927197,742.8106711,728.4507739,20.59889828,13.57380755,0.9806681599,0.03276412326
CW0121,LA4734,LA4734,lycopersicum,0.04191619258,0.01586637076,133.75,0.04630923479,0.04666527037,0.5874347411,0.08374838444,142.5,0.6028254657,0.05219726124,0.5455185485,0.08523809956,0.5565162309,0.07001572352,1.617719447,0.6295584844,133.75,1.834173859,1.760889186,20.8608709,4.629349344,142.5,21.26242127,3.32227027,19.24315146,4.671960962,19.42824741,3.760081179,761.6712951,735.6967216,14.44851806,20.52654093,0.9658979225,0.03258810395
CW0122,LA4724,LA4724,lycopersicum,0.06133061115,0.02734045085,132.1111111,0.06472749679,0.04397166935,0.8492416866,0.05820935445,136.2222222,0.858896111,0.04902414579,0.7879110755,0.06431041283,0.7941686142,0.06585495104,3.154328722,1.258510596,132.1111111,3.325032884,1.659195904,21.86724213,3.304483133,136.2222222,22.12765976,3.11960466,18.71291341,3.536022864,18.80262688,3.533392744,807.7953067,730.3181811,15.18076472,37.34016897,0.9040881705,0.04924839399
CW0123,LA4662,LA4662,lycopersicum,0.07738771577,0.03421671389,127.5,0.0779818558,0.04658643942,0.7874531576,0.09451629467,143.9,0.8041231279,0.04683531753,0.7100654418,0.1005192194,0.7261412721,0.06605939226,2.148749021,1.073827475,127.5,2.190732142,1.757534356,32.01120802,5.095570858,143.9,32.44423224,2.98183307,29.862459,5.207489588,30.25350009,3.461250565,800.1511051,752.1748973,25.82388256,39.261603,0.9400410654,0.05768948617
CW0124,LA4702,LA4702,lycopersicum,0.2478457062,0.07477150777,127,0.2481359341,0.04658532014,0.9880749806,0.005372252781,135.3333333,0.9969171854,0.04900003741,0.7402292744,0.07496425464,0.7487812513,0.06761061839,7.530603156,3.328526854,127,7.558628574,1.757461582,44.71137836,1.669384287,135.3333333,44.9518126,3.11792249,37.18077521,3.723699091,37.39318402,3.579121661,841.460708,808.7193454,28.00965263,26.19629228,0.9610898498,0.04463931315
CW0125,LA4755,LA4755,lycopersicum,0.3613458906,0.104587747,131.2222222,0.3642024879,0.04395676001,0.9574363992,0.02096294854,128.5,0.9600346666,0.05184935027,0.5960905086,0.1066679054,0.5958321787,0.06797464141,9.075831368,3.614303395,131.2222222,9.221721836,1.658576053,50.53824239,3.252550154,128.5,50.62505428,3.29793006,41.46241103,4.862331903,41.40333244,3.691506089,751.3043993,680.1342139,14.85293035,24.53851834,0.9052711718,0.03724312068
CW0126,LA4764,BGV008042,lycopersicum,0.1653178401,0.05701243391,132.7777778,0.1691199419,0.04398453797,0.9784900285,0.01099083857,128.6666667,0.981240587,0.04888655366,0.8131721884,0.05806217489,0.8121206451,0.06576119455,5.952431772,2.126411098,132.7777778,6.141746205,1.659724374,42.40999522,2.229804933,128.6666667,42.50055399,3.109571469,36.45756345,3.081177404,36.35880778,3.524786479,760.0026224,799.9129333,38.46586999,50.15103834,1.052513386,0.08480670406
CW0127,LA3242,LA3242,lycopersicum,0.05599080233,0.02147888242,143.6666667,0.06641143601,0.04439779436,0.8074664728,0.1088542535,136.5,0.8173747158,0.05198784537,0.7514756705,0.1109531022,0.7509632798,0.06836592872,1.841783253,0.874840652,143.6666667,2.335065445,1.676007567,30.26144269,5.349570255,136.5,30.52810514,3.308018824,28.41965944,5.420631704,28.19303969,3.708367553,826.6793933,732.6884563,13.63550332,20.70433101,0.8863030362,0.02899956314
CW0128,LA3475,LA3475,lycopersicum,0.07802338922,0.02722624585,136.25,0.08393599231,0.04673032933,0.7524443019,0.04321271792,152.4444444,0.7769217322,0.04982922747,0.6744209127,0.05107452842,0.6929857399,0.06831307041,3.023851669,0.8613736838,136.25,3.310094597,1.763495018,20.00628714,3.010278631,152.4444444,20.63140174,3.173404587,16.98243547,3.13109279,17.32130715,3.630483625,809.863689,828.8525783,26.7337364,23.5141774,1.023447019,0.04454643817
CW0129,LA4706,LA4706,lycopersicum,0.1347297762,0.06509195129,134.1111111,0.1393423105,0.04401460663,0.7955245549,0.07972180023,122,0.7921834671,0.04638523997,0.6607947786,0.1029200056,0.6528411566,0.06394432018,4.649358245,2.414268264,134.1111111,4.87589322,1.660944577,23.29724215,3.265007616,122,23.23792545,2.949312158,18.6478839,4.060660781,18.36203223,3.384845505,787.5101393,737.7854159,22.86294728,14.5404536,0.9368583071,0.03287382748
CW0130,LA4733,LA4733,lycopersicum,0.1091132946,0.05049129183,134,0.1136582929,0.0466709165,0.9071829212,0.04068039247,127,0.9084105682,0.05184139514,0.7980696267,0.06484030292,0.7947522754,0.06975460341,3.185124741,1.969485523,134,3.408558004,1.761117365,33.91983915,2.763514167,127,33.97292905,3.297180135,30.73471441,3.393506119,30.56437104,3.738038418,762.2098778,762.4012404,33.09892799,28.7920803,1.000251063,0.05756374475
CW0131,,PI406890,lycopersicum,0.07318056728,0.02575583689,129.7272727,0.07512849791,0.03974632049,0.9065835028,0.02039731032,131.5,0.911923011,0.05188234692,0.8334029355,0.03285442743,0.8367945131,0.06535708007,3.199141447,1.410164636,129.7272727,3.303299791,1.499665583,25.96756052,2.74590247,131.5,26.12181636,3.300513177,22.76841908,3.086834086,22.81851657,3.625242625,792.1237558,762.1089785,13.90178763,18.57014755,0.9621084748,0.02889119848
CW0132,,BGV008221,lycopersicum,0.08735360086,0.02199792964,131.5,0.09037903829,0.04662307271,0.8451344097,0.1005315577,120.5,0.8404227015,0.05187278014,0.7577808088,0.1029101696,0.7500436632,0.06974594059,3.31681872,0.9004356455,131.5,3.470463467,1.759160426,38.84149529,5.016007465,120.5,38.74845661,3.29810805,35.52467657,5.096186343,35.27799315,3.737935542,818.7814553,759.2284171,24.48878894,24.02574002,0.927266259,0.04037539268
CW0133,LA4780,LA4780,lycopersicum,0.05933425022,0.02224997799,148,0.07238878941,0.04466716011,0.8680084545,0.05510712136,148.4545455,0.8888401267,0.04497396746,0.8086742042,0.05942942323,0.8164513373,0.06338622044,2.206881968,0.6919228532,148,2.821130922,1.686438082,28.66616604,3.091710256,148.4545455,29.20158245,2.864411079,26.45928407,3.168190263,26.38045152,3.323992213,790.7918239,757.6199635,30.60046829,36.1344664,0.9580523477,0.05884161317
CW0134,,EA00371,lycopersicum,0.09109099677,0.02563271964,147.375,0.1037656457,0.0472492489,0.7488422049,0.05409189015,151.125,0.7721139969,0.05265438644,0.6577512082,0.05985790588,0.6683483512,0.07074585453,2.413317969,0.6277019514,147.375,3.010119794,1.783733437,21.15791558,2.005629535,151.125,21.75336733,3.352632633,18.74459761,2.101561222,18.74324754,3.797611163,831.624498,832.1921555,26.07132918,15.20426823,1.000682589,0.03630993162
CW0135,,PI129033,lycopersicum,0.2420582152,0.04736607374,149.75,0.256176447,0.04740779239,0.9405640259,0.02897983063,151.2222222,0.9639246544,0.04974482819,0.6985058107,0.05552815074,0.7077482074,0.06871715005,4.925332927,0.9744310608,149.75,5.588433843,1.789852422,42.47573533,2.363945341,151.2222222,43.07337277,3.167850167,37.55040241,2.556903101,37.48493892,3.638522554,795.0166875,757.3320541,26.21004573,17.17918279,0.9525989405,0.03812109219
CW0136,,EA00940,lycopersicum,0.1541859573,0.02746961915,150.1111111,0.1685236813,0.04481956494,0.616122274,0.05726237018,153.75,0.6417926517,0.05282944681,0.4619363166,0.06351030637,0.4732689704,0.06928018368,3.41662316,0.6864025887,150.1111111,4.089804639,1.692316511,23.91941293,4.596334094,153.75,24.57387814,3.36414527,20.50278977,4.647304124,20.4840735,3.765821102,828.9252653,771.4509528,26.94703043,30.3361243,0.93066406,0.04748330354
CW0137,LA4709,LA4709,lycopersicum,0.1598041234,0.03265773717,160.2,0.1802741197,0.043574198,0.9559791986,0.01952945814,160.375,0.9877031498,0.05334420033,0.7961750751,0.03805164296,0.8074290301,0.06887898403,4.671342435,0.9602827637,160.2,5.626159349,1.64603532,29.86427898,2.617876764,160.375,30.66768294,3.397808638,25.19293654,2.788444322,25.04152359,3.775517953,859.5299784,792.4633738,25.11220251,33.01394047,0.9219729314,0.04691323465
CW0138,LA0417,LA0417,lycopersicum,0.07787019144,0.02297943992,148.3636364,0.09114575767,0.04057931048,0.6726769632,0.07969764363,158.25,0.7024592021,0.05316782399,0.5948067717,0.08294437328,0.6113134444,0.06688421299,2.537789547,0.8214202867,148.3636364,3.162189557,1.532389959,19.9865693,3.460522854,158.25,20.74220046,3.386299378,17.44877975,3.556676779,17.5800109,3.716886124,801.2039429,818.0948037,21.58006146,25.94236537,1.021081849,0.04248287776
CW0139,LA4661,LA4661,lycopersicum,0.102754329,0.03912979599,147.75,0.1156569121,0.04727318031,0.9827386068,0.005023407248,157.7777778,1.012089354,0.05024157388,0.8799842778,0.0394509259,0.896432442,0.06898528338,3.789372374,1.076254976,147.75,4.396642476,1.784658123,40.46742209,2.60604647,157.7777778,41.21243707,3.200424583,36.67804971,2.819539498,36.81579459,3.664385641,742.9529224,749.1454239,30.62385409,43.40530164,1.008334985,0.07169842947
CW0140,LA4747,LA4747,lycopersicum,0.08490154175,0.02696632815,148.4444444,0.0982262251,0.04469810074,0.7148097227,0.08887193352,155.375,0.7419649392,0.05294609384,0.629908181,0.09287305003,0.6437387141,0.06929075741,2.776721963,0.7145964075,148.4444444,3.403377765,1.687632578,17.92201443,4.270743044,155.375,18.61301179,3.371795105,15.14529247,4.330114799,15.20963403,3.770557777,789.849765,800.8607001,17.42955638,29.0655946,1.013940544,0.04306714336
CW0141,,BGV008067,lycopersicum,0.07966177918,0.01940026569,153.9,0.09630248203,0.04293683549,0.8635482728,0.04371978443,151.25,0.8869342831,0.05266234617,0.7838864936,0.04783084632,0.7906318011,0.06794773393,3.574405213,1.269017046,153.9,4.353355065,1.621607787,28.17112963,3.149594843,151.25,28.76939155,3.35315706,24.59672442,3.395637192,24.41603649,3.724684428,825.7909411,692.8702616,24.6720687,39.3661083,0.8390383415,0.05386002248
CW0142,LA4732,LA4732,lycopersicum,0.1114617525,0.03003037377,156.7777778,0.1298516387,0.04538997724,0.9072188529,0.01948020541,164.4444444,0.9426612465,0.05085570276,0.7957571004,0.03579527555,0.8128096078,0.06816562577,2.933624184,1.064686176,156.7777778,3.792908373,1.71423284,36.89739671,3.728602947,164.4444444,37.79228716,3.240429138,33.96377253,3.877632859,33.99937879,3.665920789,808.1313336,767.814558,23.95915263,40.24894815,0.9501111095,0.05721886954
CW0143,LA4742,LA4742,lycopersicum,0.1154781288,0.02808514477,154.6,0.1325443087,0.04300158666,0.7773538147,0.04458850902,165.3,0.8135779695,0.04854116853,0.6618756859,0.05269639924,0.6810336608,0.06484891284,4.093648521,1.169814459,154.6,4.892139157,1.624093926,23.82045128,2.076067904,165.3,24.73457575,3.093666753,19.72680276,2.38296534,19.84243659,3.494059967,752.7216361,757.5652632,17.22164991,21.31206028,1.006434818,0.03649465693
CW0144,LA4769,LA4769,lycopersicum,0.07979534506,0.02857747704,156,0.09771247904,0.04790322539,0.7260515335,0.08068702016,164.75,0.7617731275,0.05374026496,0.6462561884,0.08559829097,0.6640606485,0.0719912153,2.050197664,0.7324322299,156,2.88776987,1.808898142,24.11175855,3.171688023,164.75,25.01351829,3.423583507,22.06156089,3.255159272,22.12574842,3.87208426,769.1871231,761.8567015,19.91078578,27.13580603,0.9904699112,0.04361105462
CW0145,LA4707,LA4707,lycopersicum,0.1449779877,0.01261369783,157.9,0.164049988,0.04332737985,0.8901237194,0.02875862094,156.6666667,0.9184591923,0.05014980523,0.7451457317,0.03140324268,0.7544092043,0.06627416397,5.493602214,0.9181443352,157.9,6.384213693,1.63658629,31.06367955,1.147336279,156.6666667,31.78371529,3.19442522,25.57007734,1.469479349,25.39950159,3.58925719,786.9200912,816.8384489,13.87361591,32.14775032,1.038019563,0.04476435692
CW0146,LA4695,LA4695,lycopersicum,0.1320980308,0.03507218485,155.8,0.1498935999,0.04311615276,0.9674990995,0.01996080189,154.75,0.9940832242,0.05290048419,0.8354010688,0.04035457548,0.8441896243,0.06824561419,2.555529495,0.7118062148,155.8,3.38751862,1.62848986,40.05564966,3.382169329,154.75,40.7325962,3.368805767,37.50012017,3.456260618,37.34507758,3.741768502,871.0503111,882.5494245,13.28910272,36.26622654,1.013201434,0.04441195635
CW0147,LA1090,LA1090,lycopersicum,0.06579021057,0.01531995185,155.625,0.08347941043,0.04787034544,0.3316227174,0.05009346689,168.6666667,0.3709231537,0.05129973076,0.2658325069,0.05238374128,0.2874437433,0.07016574911,1.400170431,0.4713471946,155.625,2.22727436,1.807636746,8.868414952,2.479233328,168.6666667,9.858226527,3.269239601,7.468244521,2.523641432,7.630952168,3.73570317,860.2828103,905.7166555,28.5160538,16.73298313,1.052812685,0.03995231802
CW0148,LA4744,LA4744,lycopersicum,0.1448989899,0.0312176078,158.8,0.1645180321,0.04342204816,0.9279273092,0.04324570345,150.25,0.9503995726,0.05259972705,0.7830283193,0.05333600944,0.7858815405,0.06820707846,6.699875432,1.687720041,158.8,7.615610777,1.640211866,48.9412997,3.50879624,150.25,49.51708029,3.349028556,42.24142427,3.893590886,41.90146952,3.729113465,800.172072,761.9619323,20.79239604,30.06512757,0.9522475964,0.04498915067
CW0149,LA4753,LA4753,lycopersicum,0.09412217942,0.03141317075,150.875,0.1089242136,0.04748865043,0.9136314887,0.03438896458,158.875,0.9439848195,0.05321860326,0.8195093093,0.0465766914,0.8350606059,0.07132595357,4.196034147,1.409430813,150.875,4.890539895,1.792967612,33.81259933,2.062125174,158.875,34.58228132,3.38961524,29.61656519,2.497770096,29.69174142,3.834608759,765.4251893,795.2415967,17.34962727,28.70206499,1.038954045,0.04427978093
CW0150,,PI311117,lycopersicum,0.1373543056,0.05810926657,159,0.1570949126,0.04560958059,0.8582507609,0.05059516096,159.1818182,0.8888844459,0.04584769508,0.7208964554,0.07704905693,0.7317895333,0.064670279,2.969481587,1.019354976,159,3.890800012,1.722646273,27.66694891,3.179774146,159.1818182,28.44352857,2.921737863,24.69746732,3.339168787,24.55272856,3.391763896,827.9680145,751.0593726,19.44985036,19.70049597,0.9071115786,0.03194086072
CW0151,LA4660,BGV004584,lycopersicum,0.1266575638,0.03280810962,158.0909091,0.1458456032,0.04148680146,0.9561912286,0.01308284552,163.2727273,0.9905629692,0.04626267027,0.8295336648,0.03532043181,0.844717366,0.0621400785,3.189407109,0.7744505695,158.0909091,4.085347892,1.567256025,36.57411095,3.057990866,163.2727273,37.44265964,2.948756924,33.38470384,3.154533534,33.35731175,3.339380009,890.109087,797.6234803,20.48994389,38.63201585,0.8960963234,0.04805402962
CW0152,LA2697,LA2697,lycopersicum,0.3866264436,0.06208374857,156.4545455,0.4048198614,0.0413125697,0.8724316406,0.04052514029,162.25,0.9058688673,0.05350854881,0.4858051969,0.07413959018,0.5010490059,0.06760098528,13.58284611,1.76913858,156.4545455,14.43310714,1.560580072,42.52736678,5.213484324,162.25,43.37292322,3.408514565,28.94452067,5.505476375,28.93981608,3.74878403,875.0010096,824.6928617,36.3253278,49.9065317,0.9425050402,0.06916705351
CW0153,LA4774,LA4774,lycopersicum,0.01691567127,0.007903561839,173,0.04516581919,0.04523035548,0.4767597167,0.08540814593,172.25,0.5193344129,0.05451990644,0.4598440455,0.08577305918,0.4741685937,0.07083929174,0.663260829,0.2417937238,173,1.975394945,1.70923396,11.19704829,2.071725616,172.25,12.26741793,3.47412143,10.53378747,2.085787916,10.29202299,3.871821334,775.0514481,851.7302017,23.3948743,33.83190197,1.09893376,0.05482477274
CW0154,LA4708,LA4708,lycopersicum,0.1286906352,0.01515714548,176,0.1587642561,0.04239924278,0.9682329042,0.01010055159,176.3333333,1.014538734,0.05221108579,0.839542269,0.01821428564,0.8557744776,0.06725840668,2.57423862,0.618499187,176,3.970118956,1.602826785,29.80620248,2.742680882,176.3333333,30.96837085,3.328177708,27.23196386,2.811554671,26.99825189,3.694024981,857.415398,844.3937721,24.86071835,33.71052819,0.9848129321,0.04859165056
CW0155,,BGV008219,lycopersicum,0.2077866635,0.02431681011,174.1666667,0.2367459398,0.04209716721,0.978646696,0.007793210073,172.5,1.021449829,0.05454803511,0.7708600325,0.02553510088,0.7847038891,0.06890326278,4.119692332,0.5501816571,174.1666667,5.464394422,1.591331736,36.58607694,2.888922839,172.5,37.66206691,3.475941043,32.46638461,2.940845971,32.19767249,3.822891946,910.2638453,796.6070415,18.81599065,26.67553573,0.8751386157,0.03443899772
CW0156,,BGV008189,lycopersicum,0.07960755166,0.01654050307,175.3846154,0.1093071269,0.04096010895,0.54625203,0.06996092265,173,0.5895120363,0.049438999,0.4666444783,0.07188963026,0.4802049094,0.0642023765,2.087751928,0.5605402478,175.3846154,3.466453552,1.548610139,12.87109455,1.971876279,173,13.95832518,3.151819994,10.78334262,2.050000348,10.49187162,3.511717904,881.0161661,847.5418702,12.58401163,27.23919885,0.9620049016,0.03383383815
CW0157,LA4694,BGV006865,lycopersicum,0.1034354334,0.0336915573,176.2727273,0.1336748246,0.04396703242,0.9370696218,0.01743146144,175.3333333,0.9824617044,0.05208471293,0.8336341884,0.03793384875,0.8487868797,0.06816096581,2.562914104,0.6379702705,176.2727273,3.966407733,1.661870225,32.24769003,2.577007251,175.3333333,33.38737707,3.32001753,29.68477592,2.65480177,29.42096934,3.712725286,792.3877436,819.5337322,24.71281398,26.97407856,1.034258466,0.04689657464
CW0158,,LYC1410,lycopersicum,0.1279529101,0.05429975361,200.3076923,0.1728013383,0.04599906531,0.6777478277,0.05251144746,201.6666667,0.747201913,0.05610268461,0.5497949175,0.0755375096,0.5744005747,0.07254946746,9.342511015,4.501898002,200.3076923,11.41695046,1.739861647,16.99170436,1.145203826,201.6666667,18.72339951,3.578348194,7.649193349,4.645274742,7.306449044,3.978906175,791.9393253,722.0686167,36.91801534,18.57440582,0.9117726492,0.04854608284
CW0159,LA4761,LA4761,lycopersicum,0.09989432463,0.02248899257,174.25,0.128904253,0.04211069671,0.6570084912,0.04878624418,177.9166667,0.7047610867,0.04637054031,0.5571141666,0.05372013038,0.5758568337,0.06263814961,3.615468742,1.024999239,174.25,4.962497116,1.591846694,22.27328359,3.298093664,177.9166667,23.47104737,2.957975874,18.65781484,3.453700226,18.50855026,3.359106603,772.6869526,805.7806837,6.128601616,26.34730233,1.042829416,0.03508713168
CW0160,,BGV013945,lycopersicum,0.07573437744,0.02887261686,203.75,0.1226751241,0.05500098542,0.7263522128,0.05853006518,203.75,0.7977099377,0.05906153592,0.6506178354,0.06526405239,0.6750348136,0.08070547331,2.351856842,1.051052605,203.75,4.522389707,2.078887749,22.75959209,3.588068715,203.75,24.53812332,3.766236002,20.40773525,3.738843227,20.01573361,4.301895849,710.9347158,718.714793,32.25632988,25.35277386,1.010943448,0.05810004865
CW0161,LA4704,LA4704,lycopersicum,0.04755543987,0.01296975217,175.875,0.07755308279,0.05019274192,0.8972808329,0.03573013574,176.8888889,0.9440942996,0.05228224643,0.8497253931,0.03801127558,0.8665412168,0.07247582102,0.4673077894,0.1489683537,175.875,1.859698699,1.896310956,23.28925684,1.653893255,176.8888889,24.46391483,3.332771202,22.82194905,1.660588591,22.60421613,3.834495942,835.7475787,763.8879619,25.20922547,19.29357887,0.9140175592,0.0359589872
CW0162,LA4759,LA4759,lycopersicum,0.1348691177,0.03148997907,200.1428571,0.1796173551,0.04491146107,0.5804653761,0.06603783106,201.6666667,0.6499194614,0.05610268461,0.4455962584,0.07316156035,0.4703021064,0.07186480749,7.455354855,2.438078266,200.1428571,9.525192861,1.69893194,25.13294605,3.176076595,201.6666667,26.86464119,3.578348194,17.6775912,4.003959061,17.33944833,3.961179817,928.7266697,718.4997247,51.85328394,27.1390604,0.7736395951,0.052150417
CW0163,LA4703,LA4703,lycopersicum,0.1667814686,0.04763840292,201.6363636,0.2124374956,0.04885784501,0.9763417586,0.02259216815,202.5,1.0465573,0.05884580538,0.80956029,0.05272403147,0.8341198041,0.07648475554,4.532816482,1.621418815,201.6363636,6.644346329,1.847518647,33.91455486,4.100524356,202.5,35.66498444,3.752408535,29.38173838,4.409455632,29.02063811,4.182570378,962.2056593,817.2010657,80.92001588,26.7150668,0.8492997914,0.0766313582
CW0164,LA4691,LA4691,lycopersicum,0.1675398623,0.05022967037,200.3333333,0.2124038757,0.04719901208,0.947545046,0.02704958343,201.75,1.017075277,0.05871766419,0.7800051837,0.05704997589,0.8046714012,0.07533598629,5.257234954,2.340073398,200.3333333,7.332390181,1.78501511,42.9001708,3.212344889,201.75,44.63373939,3.744193677,37.64293585,3.974305372,37.30134921,4.147923003,858.0385923,767.3912997,50.87458966,29.82341463,0.8943552267,0.06340386061
CW0165,LA0767,LA0767,lycopersicum,0.1215664196,0.04590242596,201.1666667,0.1669369533,0.04738650518,0.5417326672,0.05479503739,201.75,0.6112628981,0.05871766419,0.4201662476,0.07148096832,0.4443259448,0.07545359475,5.997949237,2.51312537,201.1666667,8.096367302,1.792120279,22.63674193,2.93382807,201.75,24.37031052,3.744193677,16.6387927,3.863048831,16.27394322,4.150985592,812.2917848,750.6021571,38.1055233,18.59819446,0.9240548423,0.04902359791
CW0166,LA4775,LA4775,lycopersicum,0.03635721736,0.01583831369,203.3333333,0.08304470387,0.05267617132,0.6876192768,0.08009211333,202.75,0.7580632547,0.05888873593,0.6512620595,0.0816431185,0.6750185508,0.07901051984,0.8129088258,0.4096742954,203.3333333,2.971810272,1.991338437,16.91062151,2.810582786,202.75,18.66667142,3.755160464,16.09771268,2.840283194,15.69486114,4.250489253,761.8000417,732.208472,20.77792853,20.76203247,0.9611557258,0.03781558319
CW0167,LA4778,LA4778,lycopersicum,0.05763254117,0.01702112023,201.75,0.1033576391,0.05460219487,0.4414827248,0.07814158103,202.3333333,0.5115459748,0.05622170573,0.3838501836,0.07997390336,0.4081883357,0.07837269856,3.548431461,1.07048791,201.75,5.663133514,2.06376925,9.553641089,2.044232221,202.3333333,11.30032378,3.585976631,6.005209628,2.307559261,5.637190264,4.137435428,759.2529373,762.3381746,14.77041682,25.10428831,1.004063517,0.03840304645
CW0168,LA4787,LA4787,lycopersicum,0.05946933826,0.0199206191,203.3333333,0.1061568248,0.05267617132,0.5145725085,0.09484776554,202.3333333,0.5846357585,0.05622170573,0.4551031702,0.09691712797,0.4784789337,0.07704322956,2.406499945,0.8125062481,203.3333333,4.565401391,1.991338437,13.33074431,3.168826646,202.3333333,15.07742699,3.585976631,10.92424436,3.271334394,10.5120256,4.101787071,715.5449593,777.6080924,27.94390618,22.15967636,1.086735477,0.05253778026
CW0169,,BGV008106,lycopersicum,0.03325727459,0.0110865743,202.5,0.07943824082,0.05475085443,0.2113147575,0.07514504045,202.25,0.2813018619,0.05880298308,0.1780574829,0.07595847046,0.2018636211,0.08034579566,1.295985507,0.5731158369,202.5,3.431624114,2.069405423,7.145284904,2.221921556,202.25,8.890094149,3.749663417,5.849299397,2.294645324,5.458470035,4.282804519,776.0878107,775.629198,30.91945031,28.71975099,0.9994090711,0.05435798982
CW0170,,PI169588,lycopersicum,0.07654259934,0.02498694606,201.2,0.1219333939,0.04423618199,0.3388082787,0.05746967496,201.6666667,0.408262364,0.05610268461,0.2622656793,0.06266666589,0.2863289701,0.071444741,4.88239203,1.99210918,201.2,6.981740609,1.673595597,11.66305213,2.992682936,201.6666667,13.39474727,3.578348194,6.780660098,3.595086945,6.413006661,3.950379478,909.9975884,797.8214882,57.61980373,35.64505474,0.8767292335,0.06794154628
CW0171,,EA00488,lycopersicum,0.1172219875,0.03349401753,201.0769231,0.162537973,0.04617652275,0.7664632205,0.05504202633,202.5,0.8366787616,0.05884580538,0.6492412329,0.06443193209,0.6741407887,0.0748004015,5.992861091,2.066910682,201.0769231,8.088773928,1.746585671,24.6130991,3.907615675,202.5,26.36352867,3.752408535,18.62023801,4.420585937,18.27475474,4.138977086,812.7753334,701.4951924,64.57191181,36.38088522,0.8630862227,0.08188572154
CW0172,,LYC3153,lycopersicum,0.01461174671,0.007292850103,203.75,0.06155249337,0.05500098542,0.1970047487,0.03621202063,207.5,0.2717890246,0.05972467023,0.182393002,0.03693908635,0.2102365312,0.0811920232,0.9581160157,0.5798427455,203.75,3.128648881,2.078887749,5.113501784,1.126880054,207.5,6.97633796,3.808721519,4.155385768,1.267310643,3.847689079,4.339139763,836.0299576,835.8196512,27.65392947,26.49128236,0.9997484463,0.04580009188
CW0173,,TR00020,lycopersicum,0.05034172247,0.01701991675,211.6666667,0.1020944119,0.0544816223,0.6400949961,0.04683298507,214.3076923,0.72109978,0.05182568506,0.5897532736,0.04982977079,0.6190053681,0.07519407424,2.388384028,0.9743609432,211.6666667,4.779913861,2.059742733,29.88417079,2.433065737,214.3076923,31.90005288,3.308853156,27.49578677,2.620913606,27.12013902,3.89756967,798.7565467,747.8607978,32.87378095,32.77800553,0.9362812748,0.0562923528
CW0174,LA4767,LA4767,lycopersicum,0.04816439629,0.008284933651,208.5,0.09799230861,0.05597778787,0.7831584437,0.02738621299,206.75,0.8572574094,0.05959015426,0.7349940474,0.02861196931,0.7592651008,0.0817587868,2.817233275,0.7132526683,208.5,5.120364322,2.115907138,42.36408112,2.631975296,206.75,44.2100563,3.800105559,39.54684784,2.726907283,39.08969198,4.349467241,760.9183031,712.76625,21.49113439,42.13885374,0.936718498,0.06137399836
CW0175,,TR00021,lycopersicum,0.03258547009,0.02750568224,209.25,0.08286925066,0.05613573306,0.5452623791,0.08334449871,207,0.6195897815,0.05963488898,0.5126769091,0.08776598442,0.5367205309,0.08189957576,1.626389292,1.582037516,209.25,3.950456893,2.121891558,12.05194283,1.558267561,207,13.90353835,3.802971007,10.42555354,2.220594626,9.953081457,4.354883726,729.2919827,752.7176753,33.43920342,29.36330274,1.032121144,0.06213443914
CW0176,LA4751,LA4751,lycopersicum,0.08011157251,0.01533634737,207.5,0.1293316605,0.05576874759,0.8127099103,0.04460666223,207,0.8870373127,0.05963488898,0.7325983378,0.04716945904,0.7577056522,0.0816484733,2.949894869,0.9756689897,207.5,5.225110508,2.107986161,29.57338226,3.226205015,207,31.42497778,3.802971007,26.62348739,3.370508682,26.19986727,4.348125359,712.1252573,709.2254578,30.15465792,16.44988151,0.9959279643,0.04808417759
CW0177,LA4672,LA4672,lycopersicum,0.01855073277,0.008512870585,208.25,0.068226689,0.05592536075,0.8354722145,0.04352148422,206.25,0.9091143067,0.05950099778,0.8169214818,0.04434623495,0.8408876177,0.08165791273,1.06796825,0.664965899,208.25,3.364120445,2.113920629,20.90119844,3.801967435,206.25,22.73593296,3.794394355,19.83323019,3.859680819,19.37181252,4.343511131,778.8004662,750.6859119,25.36793654,37.02483779,0.963900183,0.05697295117
CW0178,,BGV008108,lycopersicum,0.06704849304,0.0194332722,208.75,0.1170283614,0.05603032584,0.853549102,0.0436057332,207,0.9278765044,0.05963488898,0.7865006089,0.04774004647,0.8108481429,0.08182736338,1.582796888,0.5476245297,208.75,3.892906786,2.117897803,26.9542702,3.136199482,207,28.80586571,3.802971007,25.37147331,3.183651962,24.91295893,4.352939189,857.9738031,821.2739294,19.68107372,38.46281462,0.9572249484,0.0499185134
CW0179,LA4781,LA4781,lycopersicum,0.03069169457,0.009199356072,208.2,0.08033725959,0.05188875504,0.8701297846,0.04038077871,208.25,0.9455993707,0.0598601181,0.83943809,0.04141540102,0.8652621111,0.07921916838,1.390087948,0.5842605772,208.2,3.684844373,1.961960715,25.30014688,2.117160001,208.25,27.17984405,3.817396105,23.91005893,2.196298452,23.49499967,4.292062776,768.3577571,693.6672976,15.54288906,36.22476867,0.9027920799,0.05055917312
CW0180,LA4765,LA4765,lycopersicum,0.06931134769,0.04841368221,208.2,0.1189569127,0.05188875504,0.7525909429,0.0454581537,208.5,0.8282889657,0.05990547338,0.6832795952,0.06641030314,0.709332053,0.07925344561,2.531939027,1.405049968,208.2,4.826695452,1.961960715,24.79554303,2.943912957,208.5,26.68086052,3.820300593,22.263604,3.262022212,21.85416507,4.294646257,717.1133958,701.0334353,17.17068454,27.13512735,0.9775768231,0.04449403154
CW0181,,BGV008058,lycopersicum,0.06551629024,0.02784797761,207.75,0.1148883343,0.0558208403,0.7914320285,0.05877043172,208.25,0.8669016146,0.0598601181,0.7259157383,0.06503440245,0.7520132803,0.08184864049,2.895903982,1.121603804,207.75,5.178098474,2.109960129,25.97609929,1.972312083,208.25,27.85579646,3.817396105,23.08019531,2.268922662,22.67769799,4.361702049,718.2825928,682.0907504,18.45518898,20.52810225,0.9496133656,0.03757777277
CW1000,LA4711,LA4711,pimpinellifolium,0.8088014445,0.02381376758,80.55555556,0.7808616081,0.04724322867,0.9251812718,0.04998239905,96.75,0.8987680737,0.05288701429,0.1163798273,0.05536547428,0.1179064656,0.07091515307,21.96025983,2.692849483,80.55555556,20.6917697,1.779473765,53.1268595,4.487325853,96.75,52.49988946,3.35865104,31.16659967,5.233309818,31.80811976,3.80092932,836.0268603,706.903876,29.77762198,38.66030576,0.8455516318,0.05518543202
CW1001,LA1547,LA1547,pimpinellifolium,0.08544641752,0.01812997128,208.5,0.1352743298,0.05597778787,0.7859684076,0.04934007934,206.75,0.8600673733,0.05959015426,0.7005219901,0.05256557132,0.7247930434,0.0817587868,3.433072368,1.086950229,208.5,5.736203414,2.115907138,27.39159558,3.68056426,206.75,29.23757076,3.800105559,23.95852321,3.837709482,23.50136735,4.349467241,720.0737728,728.1656076,25.23911012,24.9519515,1.011237508,0.04956891406
CW1002,LA4784,LA4784,pimpinellifolium,0.03620102353,0.01154172035,208.5,0.08602893585,0.05597778787,0.9041644201,0.0355492843,207.2,0.9786745719,0.05498308802,0.8679633965,0.03737596718,0.892645636,0.07846434033,1.79191416,0.59906448,208.5,4.095045206,2.115907138,36.37545545,2.201652618,207.2,38.23154723,3.508044574,34.58354129,2.281699476,34.13650202,4.096759664,766.9318845,730.6291954,23.97192487,16.93976063,0.9526650414,0.03707503521
CW1003,LA4676,LA4676,pimpinellifolium,0.6098230628,0.07209747443,111.6666667,0.6007933173,0.0442794225,0.9856569434,0.007243221437,113.5,0.9745490067,0.04255511409,0.3758338807,0.0724604035,0.3737556894,0.06141339424,11.91921045,1.1421816,111.6666667,11.51919964,1.669487967,43.49451253,1.688357832,113.5,43.24410461,2.703953306,31.57530208,2.038413839,31.72490498,3.17782214,935.1963764,765.6365531,24.46325529,20.54745891,0.8186906755,0.03068170667
CW1004,LA2102,LA2102,pimpinellifolium,0.6891444451,0.08996322965,112.2,0.6804388726,0.0420182511,0.9728255561,0.01036876525,110.6,0.9590677532,0.04668627511,0.283681111,0.09055878744,0.2786288806,0.06281036307,16.45978694,2.856905161,112.2,16.07466434,1.584171635,53.8815054,1.843907216,110.6,53.56590165,2.966340276,37.42171846,3.400279535,37.49123731,3.362852124,866.506922,761.347114,22.61355893,33.68214535,0.8786393907,0.04513049846
CW1005,LA4713,LA4713,pimpinellifolium,0.03285382839,0.00979065587,212,0.08480912593,0.05672326537,0.7914124959,0.02247605806,212.125,0.8704228514,0.06057453797,0.7585586675,0.02451591582,0.7856137255,0.08298676693,0.9569818819,0.3053398538,212,3.357816851,2.144149425,20.06766416,1.983312575,212.125,22.03447644,3.863133631,19.11068228,2.006679146,18.67665959,4.418277742,745.1569414,793.5682315,19.87263774,36.568415,1.064967911,0.05670088783
CW1007,LA4718,LA4718,pimpinellifolium,0.0697892481,0.01491517744,212,0.1217445456,0.05672326537,0.5870950174,0.0367139159,211,0.6650774076,0.05783857343,0.5173057693,0.03962794644,0.5433328619,0.08101129187,2.696020102,0.7593458524,212,5.096855071,2.144149425,14.37560252,1.350944416,211,16.31712331,3.689521733,11.67958241,1.549728021,11.22026824,4.267311492,720.9911856,728.1793858,13.49611205,26.02520222,1.009969886,0.0407476127
CW1008,LA1279,LA1279,pimpinellifolium,0.1236142709,0.04110424793,25.28571429,0.06208007922,0.05205060108,0.9257934893,0.02371133455,35,0.8429564175,0.05682640516,0.8021792184,0.04745299342,0.7808763383,0.07706169863,6.406864637,2.401322026,25.28571429,3.595494425,1.958036576,29.81807293,2.808264207,35,27.80288137,3.598898814,23.41120829,3.694955389,24.20738695,4.097069673,778.5047951,785.1919949,14.60877683,23.07407965,1.008589799,0.0351663996
CW1009,LA4723,LA4723,pimpinellifolium,0.09431356838,0.03475511508,90.25,0.0722662514,0.04856710543,0.8916700752,0.06196759016,90.2,0.8592718346,0.04811388928,0.7973565068,0.07104857672,0.7870055833,0.06836453812,2.63773972,0.8618935739,90.25,1.63987395,1.8300631,25.32127013,3.632750863,90.2,24.54704744,3.053383759,22.68353041,3.733596037,22.90717349,3.55981507,891.7912586,842.1559608,19.4884003,47.40213468,0.9443420225,0.05701937108
CW1010,LA1924,LA1924,pimpinellifolium,0.4495013234,0.09100992223,64.11111111,0.4115661533,0.04987387512,0.7524507755,0.1012267522,79.5,0.7102754427,0.05447105776,0.3029494521,0.1361236986,0.2987092894,0.07385458383,17.38107793,5.459058495,64.11111111,15.65353445,1.877915158,32.42099907,5.528412106,79.5,31.40622626,3.45658619,15.03992114,7.769469741,15.75269181,3.933770892,887.882973,753.8023628,24.22784163,42.05541337,0.8489884204,0.05272779172
CW1011,LA4677,LA4677,pimpinellifolium,0.3742931769,0.08499944941,65.125,0.3369742731,0.05206282534,0.9859694989,0.006747812829,71.5,0.9364841906,0.05034914014,0.611676322,0.08526687151,0.5995099174,0.07242633289,8.101792495,2.507206201,65.125,6.402552137,1.960698431,46.76230841,1.475309151,71.5,45.56768504,3.192314298,38.66051591,2.909058272,39.1651329,3.746359421,851.3909438,886.741016,14.62546462,39.33131262,1.041520376,0.04954016741
CW1012,LA4719,LA4719,pimpinellifolium,0.4274394574,0.03716380187,90.33333333,0.4054427925,0.04600836118,0.8878679681,0.02170011792,100.2222222,0.8646275025,0.04973597372,0.4604285107,0.04303537251,0.45918471,0.06775275921,8.173076604,0.6529272648,90.33333333,7.177537118,1.733422674,40.45504487,2.781873849,100.2222222,39.90613497,3.158592311,32.28196826,2.857470232,32.72859785,3.602979261,783.9265831,700.9468657,24.45793931,29.13892928,0.8941486113,0.04647446026
CW1013,LA4720,LA4720,pimpinellifolium,0.3196627078,0.09813633607,97.25,0.3018701612,0.04788520403,0.8785666114,0.04066071712,98.88888889,0.8541078165,0.04982778801,0.5589039037,0.1062263356,0.5522376553,0.06910717201,8.854156089,2.714828481,97.25,8.051698164,1.804726263,41.90865543,2.180543881,98.88888889,41.32977044,3.164197438,33.05449934,3.482106446,33.27807228,3.642688885,814.8956929,758.6719931,24.12331225,49.45582315,0.9310050349,0.06665453837
CW1014,LA1582,LA1582,pimpinellifolium,0.26129079,0.08327127588,97.88888889,0.2438865757,0.04523892842,0.9381590632,0.03231269999,97.23076923,0.9121851665,0.04195046923,0.6768682731,0.08932085964,0.6682985908,0.06169604941,7.018577418,3.247111,97.88888889,6.233954336,1.704835542,43.9162683,2.510316486,97.23076923,43.30010659,2.662006963,36.89769088,4.104317082,37.06615225,3.161130382,846.0276649,852.9043034,32.46594089,23.59969048,1.008128148,0.04769442185
CW1015,LA4715,LA4715,pimpinellifolium,0.3492765465,0.0679484835,92.55555556,0.3286306023,0.0457648417,0.908536004,0.03573182624,91.5,0.8773256345,0.04109528342,0.5592594575,0.0767708266,0.5486950322,0.06150807309,8.460196012,2.029937364,92.55555556,7.526690762,1.724362955,46.33331766,2.771211757,91.5,45.58832069,2.606221464,37.87312165,3.435150696,38.06162993,3.125030867,833.5655398,762.5231257,26.09658195,44.84881565,0.9147728514,0.06095092762
CW1016,LA1245,LA1245,pimpinellifolium,0.2038073419,0.06335278754,92.5,0.1831276297,0.04833312543,0.8561297769,0.1027139258,96.66666667,0.8296404333,0.04999081726,0.6523224351,0.1206802645,0.6465128036,0.06953540698,5.639941882,1.82162595,92.5,4.704885776,1.821359123,35.84714782,5.424804746,96.66666667,35.21830435,3.174176834,30.20720594,5.722484393,30.51341857,3.659610311,808.6493171,790.0311811,28.42225698,47.12875274,0.9769762546,0.06764460959
CW1017,LA2173,LA2173,pimpinellifolium,0.4949934817,0.08888670151,78.1,0.4655610989,0.0455219174,0.9955242967,0.003339394633,70.33333333,0.9449729502,0.0528269022,0.5005308149,0.08894940844,0.4794118513,0.06973468692,10.82963778,2.710841892,78.1,9.492599824,1.714278757,45.51563924,1.535044606,70.33333333,44.29478766,3.350129939,34.68600145,3.115289024,34.80218783,3.763259527,917.9147481,896.4104331,24.78970644,20.12103055,0.9765726446,0.034294063
CW1018,LA4685,BGV006775,pimpinellifolium,0.1645127232,0.05306942027,139.2222222,0.1722319153,0.04418314547,0.9202487096,0.01444338878,137,0.930613826,0.04654819461,0.7557359864,0.05499977134,0.7583819107,0.0641785382,3.645178809,0.8362615036,139.2222222,4.014392528,1.667629605,41.60456808,2.142577952,137,41.88247118,2.962383725,37.95938927,2.299994257,37.86807866,3.399515529,774.9884745,739.1313114,22.25750717,30.34248809,0.9537320046,0.04778241505
CW1019,LA1589,LA1589,pimpinellifolium,0.2958368672,0.08046448893,93.44444444,0.2757312114,0.04567141048,0.9926470588,0.007352941176,85.5,0.9559542077,0.05384310199,0.6968101916,0.08079975076,0.6802229963,0.07060423052,6.614930655,1.806094572,93.44444444,5.7062391,1.72088963,46.47206318,1.51249567,85.5,45.59217829,3.41761126,39.85713252,2.355763306,39.88593919,3.826424943,816.2200873,757.0376954,29.56135917,37.53553561,0.9274921154,0.05694896761
CW1020,LA1237,LA1237,pimpinellifolium,0.3691281573,0.1047983777,114.1111111,0.3615842046,0.04417139955,0.9646808254,0.01069871915,114,0.9540297621,0.05201094469,0.5955526681,0.1053430708,0.5924455575,0.06823672695,7.249723848,2.040924924,114.1111111,6.917950693,1.665568357,41.84738471,5.063239378,114,41.60821744,3.305814319,34.59766086,5.459099518,34.69026675,3.701692351,732.4491657,727.214623,16.36824499,23.49316505,0.9928533707,0.03900104435
CW1021,LA4712,LA4712,pimpinellifolium,0.5348719625,0.05417343635,122.4,0.5323661984,0.04169608782,0.8778123518,0.06422584859,119.8,0.8724610208,0.04641485936,0.3429403893,0.0840221449,0.3400948224,0.0623931319,11.5790936,1.418621541,122.4,11.47870815,1.57270802,43.9424292,3.331640567,119.8,43.8336536,2.950789348,32.3633356,3.621093197,32.35494544,3.343735679,717.3228166,704.5681946,33.5871172,28.44214955,0.9822191325,0.06072285896
CW1022,LA4680,LA4680,pimpinellifolium,0.1455047506,0.03099522894,162.3333333,0.1672714388,0.04596590231,0.6523422011,0.08248693177,161.2,0.6848199935,0.04812232518,0.5068374505,0.08811809196,0.5175485547,0.0665478952,5.789663051,1.636769505,162.3333333,6.804032831,1.736278163,24.50538009,4.66868606,161.2,25.32733114,3.066434098,18.71571704,4.947286522,18.52329831,3.52387286,754.8961975,812.6893896,33.87899247,25.04815365,1.0765578,0.0586114161
CW1023,LA4679,BGV006454,pimpinellifolium,0.17462948,0.07811023089,117.75,0.1692973326,0.0467032239,0.9676310327,0.02455490103,115.75,0.9585790266,0.05196327883,0.7930015527,0.08187888211,0.789281694,0.06986682667,3.155894944,1.205168903,117.75,2.925702852,1.761345221,40.76808668,3.238107705,115.75,40.56826173,3.30307469,37.61219174,3.455108333,37.64255888,3.743346016,939.4964165,790.6150789,42.18693552,25.98642164,0.841530702,0.04682946162
CW1024,LA4663,LA4663,pimpinellifolium,0.1043937015,0.0394000451,143.375,0.1146370531,0.04701990593,0.7577909195,0.09715107841,145.8888889,0.7762782309,0.04942133099,0.653397218,0.1048365184,0.6616411779,0.06821539057,3.246415509,1.491037655,143.375,3.731555708,1.774846127,20.05163148,2.913704405,145.8888889,20.52936854,3.146443007,16.80521597,3.273051581,16.79781283,3.612503615,854.2189392,810.5973273,25.8647929,52.15349001,0.948933921,0.06747708834
CW1025,LA4785,LA4785,pimpinellifolium,0.3865443772,0.07230715898,133,0.3904815512,0.04664948025,0.974513727,0.01459279528,131.25,0.9796247985,0.05187872777,0.5879693498,0.07376499789,0.5891432473,0.06976801848,7.774276287,1.428507519,133,7.969794144,1.760247933,51.80288934,1.947507246,131.25,51.95152485,3.300242807,44.02861305,2.415247027,43.98173071,3.740330918,788.2709073,718.0571104,26.86006825,33.30561634,0.9109268194,0.05242747607
CW1026,LA4722,LA4722,pimpinellifolium,0.1819422469,0.04941319752,148.875,0.1955286324,0.04734745657,0.661692252,0.0585691302,151.125,0.684964044,0.05265438644,0.4797500051,0.07662902258,0.4894354115,0.07081148251,8.009876124,2.174345017,148.875,8.648551059,1.787525604,30.58222878,3.638661159,151.125,31.17768053,3.352632633,22.57235265,4.238824281,22.52912947,3.799393814,749.0547901,651.9432733,12.2425796,82.34135831,0.8703545882,0.1108435955
CW1027,LA4714,BGV007152,pimpinellifolium,0.2661681791,0.04799898496,146.875,0.2785389159,0.0472179856,0.9114892408,0.02023977278,151.1111111,0.9347483418,0.04973734403,0.6453210616,0.05209175519,0.6562094259,0.06858091246,9.712731502,2.212537862,146.875,10.29557562,1.782524811,38.48748827,3.540682579,151.1111111,39.08262778,3.167357128,28.77475677,4.175135557,28.78705215,3.634493896,678.5205914,714.7587717,41.73377576,22.89292241,1.053407635,0.07305032142
CW1028,LA4674,BGV006336,pimpinellifolium,0.4607846839,0.0702396709,157.2222222,0.4794447143,0.04543273634,0.9791517792,0.01247235759,165.625,1.015672902,0.05382473298,0.5183670953,0.07133842633,0.5362281875,0.07043603774,10.8821097,1.816048066,157.2222222,11.75380073,1.715871859,32.10588147,2.967599461,165.625,33.02731236,3.42907015,21.22377177,3.479177653,21.27351163,3.834414991,944.5903546,904.7598074,30.55214624,27.33523024,0.9578329939,0.04239385254
CW1029,LA4717,LA4717,pimpinellifolium,0.3294721055,0.08828138361,167.7,0.3545007844,0.04448807647,0.918402536,0.04010962239,159,0.9488700852,0.05322886896,0.5889304305,0.09696589349,0.5943693008,0.069372195,7.862069105,2.433988478,167.7,9.026251567,1.680943329,47.66823487,2.189654496,159,48.44072701,3.390285349,39.80616576,3.273971093,39.41447544,3.784125424,724.8424731,698.2141119,34.27036844,23.25085274,0.9632632437,0.05570539953
CW1030,LA4681,LA4681,pimpinellifolium,0.1644813791,0.0463271956,161.4444444,0.185707779,0.04586775858,0.9444376925,0.0163069926,160.4444444,0.9762250984,0.05047424612,0.7799563134,0.04911341018,0.7905173194,0.06820191198,4.02312237,0.9988341159,161.4444444,5.012678456,1.732525562,41.98784564,1.855482692,160.4444444,42.79281081,3.215607447,37.96472327,2.107245978,37.78013235,3.652639604,794.9114305,797.673764,18.52782831,29.16057964,1.003475021,0.0435059468
CW1031,LA4721,BGV007198,pimpinellifolium,0.1544038946,0.03268101932,160.3,0.1749346733,0.04358529219,0.9416288077,0.01804805463,160.1111111,0.9731116312,0.05044420827,0.7872249131,0.0373333805,0.7981769579,0.06666555215,4.661458185,1.07985133,160.3,5.619066639,1.646459785,43.02018316,3.568930749,160.1111111,43.81765455,3.213649395,38.35872497,3.728719027,38.19858791,3.610868629,752.9902225,748.0749324,20.53041908,24.90345319,0.9934723055,0.04274954107
CW1032,LA4673,LA4673,pimpinellifolium,0.09139294666,0.0299879496,203.75,0.1383336933,0.05500098542,0.6860865709,0.05433320852,204.25,0.7579011692,0.05914857927,0.5946936242,0.06205944464,0.6195674758,0.08076919479,3.599627071,1.106569067,203.75,5.770159936,2.078887749,20.55143174,2.378983625,204.25,22.34120363,3.771814253,16.95180467,2.623748881,16.57104369,4.306780356,755.2392909,768.8052846,21.62364084,31.74297135,1.01796251,0.05114712231
CW1033,LA2181,LA2181,pimpinellifolium,0.1756960685,0.03792984827,204.25,0.2229407274,0.05510185806,0.9632418988,0.00828602588,203.4,1.034279812,0.05425534885,0.7875458303,0.03882436883,0.8113390848,0.07732953925,7.408234333,1.566993831,204.25,9.592724901,2.082711444,40.36608844,1.834624948,203.4,42.1367512,3.461440227,32.95785411,2.412740841,32.5440263,4.039709817,724.1930941,742.543878,20.69486577,27.03177297,1.025339628,0.0474532311
CW1035,LA4675,LA4675,pimpinellifolium,0.2194336315,0.03766763541,204.5,0.2668302465,0.05515246887,0.8163934502,0.04389915659,204.5,0.8884364852,0.05919226097,0.5969598186,0.05784450455,0.6216062388,0.08090437924,9.176245289,1.878218334,204.5,11.36771471,2.084629836,39.13097766,3.225849924,204.5,40.92636987,3.774613447,29.95473237,3.732802144,29.55865516,4.312005128,700.7278431,724.0352568,23.29953044,35.28710078,1.033261721,0.06096122685
CW1036,LA1335,LA1335,pimpinellifolium,0.1767600911,0.04007481478,209.3333333,0.2270945237,0.05396359138,0.7845823179,0.1051965985,208.25,0.860051904,0.0598601181,0.6078222268,0.1125713778,0.6329573803,0.08059344225,4.488585717,1.085227541,209.3333333,6.814979602,2.040120822,38.58992907,5.894389165,208.25,40.46962624,3.817396105,34.10134336,5.993458304,33.65464664,4.328349107,714.4896888,722.634766,16.66547798,38.77716407,1.011399853,0.05917802549
CW1037,LA4678,BGV006370,pimpinellifolium,0.05015244958,0.01213568978,209.4,0.1005274038,0.05216080485,0.9051585033,0.0266424759,208.25,0.9806280894,0.0598601181,0.8550060538,0.02927621028,0.8801006856,0.07939762781,2.966697852,0.9972111846,209.4,5.294952764,1.972265286,28.81260972,1.465031151,208.25,30.69230689,3.817396105,25.84591187,1.772215117,25.39735412,4.29678291,770.732751,744.8532829,19.12023883,14.64388946,0.9664222546,0.03059073712
CW1038,LA1478,LA1478,pimpinellifolium,0.8672169628,0.02547130651,210.6666667,0.9183618279,0.05425845336,0.624424874,0.09432116787,208.25,0.6998944601,0.0598601181,-0.2427920888,0.09769989849,-0.2184673678,0.08079117217,41.13313377,3.13589114,210.6666667,43.4967482,2.051290027,36.14364881,7.540753634,208.25,38.02334597,3.817396105,-4.989484966,8.166809574,-5.473402227,4.333624787,664.2705928,725.7575687,23.44255281,36.17469092,1.092563146,0.06672564793
CW1039,LA4710,BGV007109,pimpinellifolium,0.0616003944,0.02792969437,211,0.1129478676,0.05650810438,0.7982173039,0.03572608494,208.75,0.8741437634,0.05995093128,0.7366169095,0.04534777803,0.7611958959,0.08238495021,3.28603609,1.768418829,211,5.658955653,2.135998924,25.78744086,2.141214352,208.75,27.67837868,3.823211536,22.50140477,2.777067528,22.01942303,4.379433509,696.7307865,713.9659182,18.9666926,22.7711292,1.024737147,0.04296909985
CW1040,LA1592,LA1592,pimpinellifolium,0.03697922633,0.02911784262,210.5,0.08802278735,0.05640116919,0.7901311187,0.05330009187,209.375,0.8666286701,0.06006502339,0.7531518924,0.06073506855,0.7786058828,0.08239477484,1.755453777,1.145665403,210.5,4.114415636,2.131947872,26.37600876,2.444401181,209.375,28.28099741,3.830517039,24.62055499,2.699564104,24.16658178,4.383841068,698.0023483,708.3423123,19.60089063,24.91281897,1.014813652,0.04567266021
CW2000,LA1409,LA1409,cheesmaniae,0.1408111355,0.0247830074,109.8333333,0.1306670453,0.03855774748,0.7825765566,0.07479046948,98.4,0.757671041,0.04740682224,0.6417654212,0.07878966798,0.6270039957,0.06110733742,6.389813949,1.625319987,109.8333333,5.938624889,1.453364493,34.27207044,3.399344981,98.4,33.68219458,3.009905046,27.88225649,3.767918704,27.7435697,3.342423782,747.8669424,810.8727312,25.10868629,32.36424955,1.084247324,0.05654983394
CW2001,LA3124,LA3124,cheesmaniae,0.2229847981,0.04408742751,110.3333333,0.2131446202,0.04434637504,0.9454266076,0.01157946564,99.55555556,0.9215769774,0.04978131575,0.7224418095,0.04558273016,0.7084323572,0.06666918612,7.300285149,1.881994947,110.3333333,6.863053792,1.671929385,50.54358953,3.171363774,99.55555556,49.97969208,3.161358873,43.24330438,3.687743642,43.11663829,3.576246327,726.8614713,701.6420637,20.69062822,20.86419151,0.9653036945,0.03973652692
CW2002,LA0528B,LA0528B,cheesmaniae,0.169798353,0.04012161712,88.75,0.1468392995,0.04873074199,0.8048798276,0.04086006964,93.33333333,0.7753446608,0.03962880248,0.6350814746,0.05726508056,0.6285053614,0.06281024758,5.095689405,1.251746463,88.75,4.055950525,1.836155324,28.73189079,2.505171595,93.33333333,28.02810958,2.51311664,23.63620138,2.80049173,23.97215905,3.112430179,805.4676301,774.0075741,31.16955065,21.60376473,0.9609418743,0.0458496067
CW2004,LA1406,LA1406,cheesmaniae,0.1190543168,0.03474730732,105,0.1059724089,0.04467026686,0.9370880324,0.01502921456,105.4545455,0.9186285862,0.04481066839,0.8180337157,0.03785832348,0.8126561773,0.06327265399,5.337316767,1.521283857,105,4.751203242,1.683814815,33.54182918,2.436211515,105.4545455,33.11054882,2.845929765,28.20451241,2.872182292,28.35934557,3.306742893,774.2782301,696.2835425,13.94300525,24.28207464,0.89926788,0.03529512431
CW3000,LA0438,LA0438,galapagense,0.3428885183,0.0754424828,96.33333333,0.3245387994,0.04538366929,0.7745376058,0.07901180154,98,0.7492665915,0.05279915029,0.4316490875,0.1092448305,0.424727792,0.06962347096,7.130086255,1.171840695,96.33333333,6.302039207,1.710203614,31.31184319,3.098298748,98,30.71297481,3.353270552,24.18175694,3.312501433,24.4109356,3.764202412,877.1476863,789.0315336,22.29333061,35.1287665,0.8995423985,0.0461151343
CW3002,LA0483,LA0483,galapagense,0.1332377902,0.01745868868,214.375,0.1866366705,0.05724106859,0.7704627172,0.05205053256,213.6666667,0.8508817659,0.05836107098,0.6372249271,0.05490048952,0.6642450954,0.08174689315,7.266193887,0.7986312885,214.375,9.733327946,2.163761687,28.32973147,1.768244753,213.6666667,30.33120246,3.722953297,21.06353758,1.940232316,20.59787451,4.306070818,743.4338807,713.645813,20.50886431,36.71072469,0.9599317862,0.05603248495
CW3004,LA0317,LA0317,galapagense,0.137839704,0.02909628574,213.375,0.19063076,0.05702189097,0.4806412921,0.09797226628,212,0.5595374292,0.06055111537,0.3428015881,0.1022015597,0.3689066692,0.0831741163,5.370143385,1.216687434,213.375,7.809362038,2.155460576,20.00721611,4.028802404,212,21.97121823,3.861634525,14.63707272,4.20851246,14.16185619,4.422468937,722.3157315,725.3547731,22.16014448,36.4051287,1.004207359,0.05907092799
CW3005,LA1136,LA1136,galapagense,0.1056344972,0.02798203061,211.875,0.1575138167,0.05669627663,0.5130833236,0.0668324851,212.75,0.5926647709,0.06069202256,0.4074488264,0.0724539516,0.4351509542,0.08305413527,3.066286466,0.7015992516,211.875,5.463632009,2.143127102,21.14309827,3.154628463,212.75,23.12396138,3.870652537,18.07681181,3.23170578,17.66032937,4.424358127,699.6823954,669.791555,22.09699375,36.36092463,0.9572794162,0.06012186613